[INFO] Scanning for projects...
[INFO] 
[INFO] --------------------< io.github.sefiraat:DankTech2 >--------------------
[INFO] Building DankTech2 WEI - 1 (git 774cb2be)
[INFO] --------------------------------[ jar ]---------------------------------
[INFO] Downloading from central: https://repo.maven.apache.org/maven2/org/apache/maven/plugins/maven-clean-plugin/2.5/maven-clean-plugin-2.5.pom
[INFO] Downloaded from central: https://repo.maven.apache.org/maven2/org/apache/maven/plugins/maven-clean-plugin/2.5/maven-clean-plugin-2.5.pom (3.9 kB at 16 kB/s)
[INFO] Downloading from central: https://repo.maven.apache.org/maven2/org/apache/maven/plugins/maven-plugins/22/maven-plugins-22.pom
[INFO] Downloaded from central: https://repo.maven.apache.org/maven2/org/apache/maven/plugins/maven-plugins/22/maven-plugins-22.pom (13 kB at 522 kB/s)
[INFO] Downloading from central: https://repo.maven.apache.org/maven2/org/apache/maven/maven-parent/21/maven-parent-21.pom
[INFO] Downloaded from central: https://repo.maven.apache.org/maven2/org/apache/maven/maven-parent/21/maven-parent-21.pom (26 kB at 1.0 MB/s)
[INFO] Downloading from central: https://repo.maven.apache.org/maven2/org/apache/apache/10/apache-10.pom
[INFO] Downloaded from central: https://repo.maven.apache.org/maven2/org/apache/apache/10/apache-10.pom (15 kB at 569 kB/s)
[INFO] Downloading from central: https://repo.maven.apache.org/maven2/org/apache/maven/plugins/maven-clean-plugin/2.5/maven-clean-plugin-2.5.jar
[INFO] Downloaded from central: https://repo.maven.apache.org/maven2/org/apache/maven/plugins/maven-clean-plugin/2.5/maven-clean-plugin-2.5.jar (25 kB at 985 kB/s)
[INFO] Downloading from central: https://repo.maven.apache.org/maven2/org/apache/maven/plugins/maven-resources-plugin/2.6/maven-resources-plugin-2.6.pom
[INFO] Downloaded from central: https://repo.maven.apache.org/maven2/org/apache/maven/plugins/maven-resources-plugin/2.6/maven-resources-plugin-2.6.pom (8.1 kB at 406 kB/s)
[INFO] Downloading from central: https://repo.maven.apache.org/maven2/org/apache/maven/plugins/maven-plugins/23/maven-plugins-23.pom
[INFO] Downloaded from central: https://repo.maven.apache.org/maven2/org/apache/maven/plugins/maven-plugins/23/maven-plugins-23.pom (9.2 kB at 400 kB/s)
[INFO] Downloading from central: https://repo.maven.apache.org/maven2/org/apache/maven/maven-parent/22/maven-parent-22.pom
[INFO] Downloaded from central: https://repo.maven.apache.org/maven2/org/apache/maven/maven-parent/22/maven-parent-22.pom (30 kB at 1.2 MB/s)
[INFO] Downloading from central: https://repo.maven.apache.org/maven2/org/apache/apache/11/apache-11.pom
[INFO] Downloaded from central: https://repo.maven.apache.org/maven2/org/apache/apache/11/apache-11.pom (15 kB at 673 kB/s)
[INFO] Downloading from central: https://repo.maven.apache.org/maven2/org/apache/maven/plugins/maven-resources-plugin/2.6/maven-resources-plugin-2.6.jar
[INFO] Downloaded from central: https://repo.maven.apache.org/maven2/org/apache/maven/plugins/maven-resources-plugin/2.6/maven-resources-plugin-2.6.jar (30 kB at 1.2 MB/s)
[INFO] Downloading from central: https://repo.maven.apache.org/maven2/org/apache/maven/plugins/maven-compiler-plugin/3.1/maven-compiler-plugin-3.1.pom
[INFO] Downloaded from central: https://repo.maven.apache.org/maven2/org/apache/maven/plugins/maven-compiler-plugin/3.1/maven-compiler-plugin-3.1.pom (10 kB at 537 kB/s)
[INFO] Downloading from central: https://repo.maven.apache.org/maven2/org/apache/maven/plugins/maven-plugins/24/maven-plugins-24.pom
[INFO] Downloaded from central: https://repo.maven.apache.org/maven2/org/apache/maven/plugins/maven-plugins/24/maven-plugins-24.pom (11 kB at 569 kB/s)
[INFO] Downloading from central: https://repo.maven.apache.org/maven2/org/apache/maven/maven-parent/23/maven-parent-23.pom
[INFO] Downloaded from central: https://repo.maven.apache.org/maven2/org/apache/maven/maven-parent/23/maven-parent-23.pom (33 kB at 1.7 MB/s)
[INFO] Downloading from central: https://repo.maven.apache.org/maven2/org/apache/apache/13/apache-13.pom
[INFO] Downloaded from central: https://repo.maven.apache.org/maven2/org/apache/apache/13/apache-13.pom (14 kB at 776 kB/s)
[INFO] Downloading from central: https://repo.maven.apache.org/maven2/org/apache/maven/plugins/maven-compiler-plugin/3.1/maven-compiler-plugin-3.1.jar
[INFO] Downloaded from central: https://repo.maven.apache.org/maven2/org/apache/maven/plugins/maven-compiler-plugin/3.1/maven-compiler-plugin-3.1.jar (43 kB at 1.8 MB/s)
[INFO] Downloading from central: https://repo.maven.apache.org/maven2/org/apache/maven/plugins/maven-surefire-plugin/2.12.4/maven-surefire-plugin-2.12.4.pom
[INFO] Downloaded from central: https://repo.maven.apache.org/maven2/org/apache/maven/plugins/maven-surefire-plugin/2.12.4/maven-surefire-plugin-2.12.4.pom (10 kB at 524 kB/s)
[INFO] Downloading from central: https://repo.maven.apache.org/maven2/org/apache/maven/surefire/surefire/2.12.4/surefire-2.12.4.pom
[INFO] Downloaded from central: https://repo.maven.apache.org/maven2/org/apache/maven/surefire/surefire/2.12.4/surefire-2.12.4.pom (14 kB at 627 kB/s)
[INFO] Downloading from central: https://repo.maven.apache.org/maven2/org/apache/maven/plugins/maven-surefire-plugin/2.12.4/maven-surefire-plugin-2.12.4.jar
[INFO] Downloaded from central: https://repo.maven.apache.org/maven2/org/apache/maven/plugins/maven-surefire-plugin/2.12.4/maven-surefire-plugin-2.12.4.jar (30 kB at 1.6 MB/s)
[INFO] Downloading from central: https://repo.maven.apache.org/maven2/org/apache/maven/plugins/maven-jar-plugin/2.4/maven-jar-plugin-2.4.pom
[INFO] Downloaded from central: https://repo.maven.apache.org/maven2/org/apache/maven/plugins/maven-jar-plugin/2.4/maven-jar-plugin-2.4.pom (5.8 kB at 324 kB/s)
[INFO] Downloading from central: https://repo.maven.apache.org/maven2/org/apache/maven/plugins/maven-jar-plugin/2.4/maven-jar-plugin-2.4.jar
[INFO] Downloaded from central: https://repo.maven.apache.org/maven2/org/apache/maven/plugins/maven-jar-plugin/2.4/maven-jar-plugin-2.4.jar (34 kB at 1.7 MB/s)
[INFO] Downloading from central: https://repo.maven.apache.org/maven2/org/apache/maven/plugins/maven-shade-plugin/3.2.4/maven-shade-plugin-3.2.4.pom
[INFO] Downloaded from central: https://repo.maven.apache.org/maven2/org/apache/maven/plugins/maven-shade-plugin/3.2.4/maven-shade-plugin-3.2.4.pom (11 kB at 538 kB/s)
[INFO] Downloading from central: https://repo.maven.apache.org/maven2/org/apache/maven/plugins/maven-plugins/34/maven-plugins-34.pom
[INFO] Downloaded from central: https://repo.maven.apache.org/maven2/org/apache/maven/plugins/maven-plugins/34/maven-plugins-34.pom (11 kB at 594 kB/s)
[INFO] Downloading from central: https://repo.maven.apache.org/maven2/org/apache/maven/maven-parent/34/maven-parent-34.pom
[INFO] Downloaded from central: https://repo.maven.apache.org/maven2/org/apache/maven/maven-parent/34/maven-parent-34.pom (43 kB at 2.3 MB/s)
[INFO] Downloading from central: https://repo.maven.apache.org/maven2/org/apache/apache/23/apache-23.pom
[INFO] Downloaded from central: https://repo.maven.apache.org/maven2/org/apache/apache/23/apache-23.pom (18 kB at 614 kB/s)
[INFO] Downloading from central: https://repo.maven.apache.org/maven2/org/apache/maven/plugins/maven-shade-plugin/3.2.4/maven-shade-plugin-3.2.4.jar
[INFO] Downloaded from central: https://repo.maven.apache.org/maven2/org/apache/maven/plugins/maven-shade-plugin/3.2.4/maven-shade-plugin-3.2.4.jar (134 kB at 4.1 MB/s)
[INFO] Downloading from spigot-repo: https://hub.spigotmc.org/nexus/content/repositories/snapshots/org/spigotmc/spigot-api/1.16.5-R0.1-SNAPSHOT/maven-metadata.xml
[INFO] Downloading from jitpack.io: https://jitpack.io/org/spigotmc/spigot-api/1.16.5-R0.1-SNAPSHOT/maven-metadata.xml
[INFO] Downloading from mcmmo-repo: https://nexus.neetgames.com/repository/maven-public/org/spigotmc/spigot-api/1.16.5-R0.1-SNAPSHOT/maven-metadata.xml
[INFO] Downloading from jeff-media-public: https://hub.jeff-media.com/nexus/repository/jeff-media-public/org/spigotmc/spigot-api/1.16.5-R0.1-SNAPSHOT/maven-metadata.xml
[INFO] Downloading from bg-repo: https://repo.bg-software.com/repository/api/org/spigotmc/spigot-api/1.16.5-R0.1-SNAPSHOT/maven-metadata.xml
[INFO] Downloaded from spigot-repo: https://hub.spigotmc.org/nexus/content/repositories/snapshots/org/spigotmc/spigot-api/1.16.5-R0.1-SNAPSHOT/maven-metadata.xml (1.5 kB at 4.9 kB/s)
[INFO] Downloading from rosewood-repo: https://repo.rosewooddev.io/repository/public/org/spigotmc/spigot-api/1.16.5-R0.1-SNAPSHOT/maven-metadata.xml
[WARNING] Could not transfer metadata org.spigotmc:spigot-api:1.16.5-R0.1-SNAPSHOT/maven-metadata.xml from/to rosewood-repo (https://repo.rosewooddev.io/repository/public/): transfer failed for https://repo.rosewooddev.io/repository/public/org/spigotmc/spigot-api/1.16.5-R0.1-SNAPSHOT/maven-metadata.xml, status: 522
[WARNING] org.spigotmc:spigot-api:1.16.5-R0.1-SNAPSHOT/maven-metadata.xmlfailed to transfer from https://repo.rosewooddev.io/repository/public/ during a previous attempt. This failure was cached in the local repository and resolution will not be reattempted until the update interval of rosewood-repo has elapsed or updates are forced. Original error: Could not transfer metadata org.spigotmc:spigot-api:1.16.5-R0.1-SNAPSHOT/maven-metadata.xml from/to rosewood-repo (https://repo.rosewooddev.io/repository/public/): transfer failed for https://repo.rosewooddev.io/repository/public/org/spigotmc/spigot-api/1.16.5-R0.1-SNAPSHOT/maven-metadata.xml, status: 522
[INFO] Downloading from spigot-repo: https://hub.spigotmc.org/nexus/content/repositories/snapshots/org/spigotmc/spigot-api/1.16.5-R0.1-SNAPSHOT/spigot-api-1.16.5-R0.1-20210611.041013-99.pom
[INFO] Downloaded from spigot-repo: https://hub.spigotmc.org/nexus/content/repositories/snapshots/org/spigotmc/spigot-api/1.16.5-R0.1-SNAPSHOT/spigot-api-1.16.5-R0.1-20210611.041013-99.pom (10 kB at 82 kB/s)
[INFO] Downloading from spigot-repo: https://hub.spigotmc.org/nexus/content/repositories/snapshots/commons-lang/commons-lang/2.6/commons-lang-2.6.pom
[INFO] Downloading from jitpack.io: https://jitpack.io/commons-lang/commons-lang/2.6/commons-lang-2.6.pom
[INFO] Downloading from mcmmo-repo: https://nexus.neetgames.com/repository/maven-public/commons-lang/commons-lang/2.6/commons-lang-2.6.pom
[INFO] Downloaded from mcmmo-repo: https://nexus.neetgames.com/repository/maven-public/commons-lang/commons-lang/2.6/commons-lang-2.6.pom (17 kB at 109 kB/s)
[INFO] Downloading from spigot-repo: https://hub.spigotmc.org/nexus/content/repositories/snapshots/org/apache/commons/commons-parent/17/commons-parent-17.pom
[INFO] Downloading from jitpack.io: https://jitpack.io/org/apache/commons/commons-parent/17/commons-parent-17.pom
[INFO] Downloading from mcmmo-repo: https://nexus.neetgames.com/repository/maven-public/org/apache/commons/commons-parent/17/commons-parent-17.pom
[INFO] Downloaded from mcmmo-repo: https://nexus.neetgames.com/repository/maven-public/org/apache/commons/commons-parent/17/commons-parent-17.pom (31 kB at 194 kB/s)
[INFO] Downloading from spigot-repo: https://hub.spigotmc.org/nexus/content/repositories/snapshots/org/apache/apache/7/apache-7.pom
[INFO] Downloading from jitpack.io: https://jitpack.io/org/apache/apache/7/apache-7.pom
[INFO] Downloading from mcmmo-repo: https://nexus.neetgames.com/repository/maven-public/org/apache/apache/7/apache-7.pom
[INFO] Downloaded from mcmmo-repo: https://nexus.neetgames.com/repository/maven-public/org/apache/apache/7/apache-7.pom (14 kB at 134 kB/s)
[INFO] Downloading from spigot-repo: https://hub.spigotmc.org/nexus/content/repositories/snapshots/com/google/guava/guava/21.0/guava-21.0.pom
[INFO] Downloading from jitpack.io: https://jitpack.io/com/google/guava/guava/21.0/guava-21.0.pom
[INFO] Downloading from mcmmo-repo: https://nexus.neetgames.com/repository/maven-public/com/google/guava/guava/21.0/guava-21.0.pom
[INFO] Downloaded from mcmmo-repo: https://nexus.neetgames.com/repository/maven-public/com/google/guava/guava/21.0/guava-21.0.pom (7.0 kB at 65 kB/s)
[INFO] Downloading from spigot-repo: https://hub.spigotmc.org/nexus/content/repositories/snapshots/com/google/guava/guava-parent/21.0/guava-parent-21.0.pom
[INFO] Downloading from jitpack.io: https://jitpack.io/com/google/guava/guava-parent/21.0/guava-parent-21.0.pom
[INFO] Downloading from mcmmo-repo: https://nexus.neetgames.com/repository/maven-public/com/google/guava/guava-parent/21.0/guava-parent-21.0.pom
[INFO] Downloaded from mcmmo-repo: https://nexus.neetgames.com/repository/maven-public/com/google/guava/guava-parent/21.0/guava-parent-21.0.pom (9.7 kB at 89 kB/s)
[INFO] Downloading from spigot-repo: https://hub.spigotmc.org/nexus/content/repositories/snapshots/org/sonatype/oss/oss-parent/7/oss-parent-7.pom
[INFO] Downloading from jitpack.io: https://jitpack.io/org/sonatype/oss/oss-parent/7/oss-parent-7.pom
[INFO] Downloading from mcmmo-repo: https://nexus.neetgames.com/repository/maven-public/org/sonatype/oss/oss-parent/7/oss-parent-7.pom
[INFO] Downloaded from mcmmo-repo: https://nexus.neetgames.com/repository/maven-public/org/sonatype/oss/oss-parent/7/oss-parent-7.pom (4.8 kB at 45 kB/s)
[INFO] Downloading from spigot-repo: https://hub.spigotmc.org/nexus/content/repositories/snapshots/com/google/code/gson/gson/2.8.0/gson-2.8.0.pom
[INFO] Downloading from jitpack.io: https://jitpack.io/com/google/code/gson/gson/2.8.0/gson-2.8.0.pom
[INFO] Downloading from mcmmo-repo: https://nexus.neetgames.com/repository/maven-public/com/google/code/gson/gson/2.8.0/gson-2.8.0.pom
[INFO] Downloaded from mcmmo-repo: https://nexus.neetgames.com/repository/maven-public/com/google/code/gson/gson/2.8.0/gson-2.8.0.pom (1.4 kB at 14 kB/s)
[INFO] Downloading from spigot-repo: https://hub.spigotmc.org/nexus/content/repositories/snapshots/com/google/code/gson/gson-parent/2.8.0/gson-parent-2.8.0.pom
[INFO] Downloading from jitpack.io: https://jitpack.io/com/google/code/gson/gson-parent/2.8.0/gson-parent-2.8.0.pom
[INFO] Downloading from mcmmo-repo: https://nexus.neetgames.com/repository/maven-public/com/google/code/gson/gson-parent/2.8.0/gson-parent-2.8.0.pom
[INFO] Downloaded from mcmmo-repo: https://nexus.neetgames.com/repository/maven-public/com/google/code/gson/gson-parent/2.8.0/gson-parent-2.8.0.pom (3.5 kB at 32 kB/s)
[INFO] Downloading from spigot-repo: https://hub.spigotmc.org/nexus/content/repositories/snapshots/net/md-5/bungeecord-chat/1.16-R0.4/bungeecord-chat-1.16-R0.4.pom
[INFO] Downloading from jitpack.io: https://jitpack.io/net/md-5/bungeecord-chat/1.16-R0.4/bungeecord-chat-1.16-R0.4.pom
[INFO] Downloading from mcmmo-repo: https://nexus.neetgames.com/repository/maven-public/net/md-5/bungeecord-chat/1.16-R0.4/bungeecord-chat-1.16-R0.4.pom
[INFO] Downloaded from mcmmo-repo: https://nexus.neetgames.com/repository/maven-public/net/md-5/bungeecord-chat/1.16-R0.4/bungeecord-chat-1.16-R0.4.pom (978 B at 9.1 kB/s)
[INFO] Downloading from spigot-repo: https://hub.spigotmc.org/nexus/content/repositories/snapshots/net/md-5/bungeecord-parent/1.16-R0.4/bungeecord-parent-1.16-R0.4.pom
[INFO] Downloading from jitpack.io: https://jitpack.io/net/md-5/bungeecord-parent/1.16-R0.4/bungeecord-parent-1.16-R0.4.pom
[INFO] Downloading from mcmmo-repo: https://nexus.neetgames.com/repository/maven-public/net/md-5/bungeecord-parent/1.16-R0.4/bungeecord-parent-1.16-R0.4.pom
[INFO] Downloaded from mcmmo-repo: https://nexus.neetgames.com/repository/maven-public/net/md-5/bungeecord-parent/1.16-R0.4/bungeecord-parent-1.16-R0.4.pom (10 kB at 95 kB/s)
[INFO] Downloading from spigot-repo: https://hub.spigotmc.org/nexus/content/repositories/snapshots/org/yaml/snakeyaml/1.27/snakeyaml-1.27.pom
[INFO] Downloading from jitpack.io: https://jitpack.io/org/yaml/snakeyaml/1.27/snakeyaml-1.27.pom
[INFO] Downloading from mcmmo-repo: https://nexus.neetgames.com/repository/maven-public/org/yaml/snakeyaml/1.27/snakeyaml-1.27.pom
[INFO] Downloaded from mcmmo-repo: https://nexus.neetgames.com/repository/maven-public/org/yaml/snakeyaml/1.27/snakeyaml-1.27.pom (37 kB at 234 kB/s)
[INFO] Downloading from spigot-repo: https://hub.spigotmc.org/nexus/content/repositories/snapshots/com/github/Slimefun/Slimefun4/b8f7dc/Slimefun4-b8f7dc.pom
[INFO] Downloading from jitpack.io: https://jitpack.io/com/github/Slimefun/Slimefun4/b8f7dc/Slimefun4-b8f7dc.pom
[INFO] Downloaded from jitpack.io: https://jitpack.io/com/github/Slimefun/Slimefun4/b8f7dc/Slimefun4-b8f7dc.pom (14 kB at 95 kB/s)
[INFO] Downloading from spigot-repo: https://hub.spigotmc.org/nexus/content/repositories/snapshots/org/bstats/bstats-bukkit/2.2.1/bstats-bukkit-2.2.1.pom
[INFO] Downloading from jitpack.io: https://jitpack.io/org/bstats/bstats-bukkit/2.2.1/bstats-bukkit-2.2.1.pom
[INFO] Downloading from mcmmo-repo: https://nexus.neetgames.com/repository/maven-public/org/bstats/bstats-bukkit/2.2.1/bstats-bukkit-2.2.1.pom
[INFO] Downloaded from mcmmo-repo: https://nexus.neetgames.com/repository/maven-public/org/bstats/bstats-bukkit/2.2.1/bstats-bukkit-2.2.1.pom (1.7 kB at 16 kB/s)
[INFO] Downloading from spigot-repo: https://hub.spigotmc.org/nexus/content/repositories/snapshots/org/bstats/bstats-base/2.2.1/bstats-base-2.2.1.pom
[INFO] Downloading from jitpack.io: https://jitpack.io/org/bstats/bstats-base/2.2.1/bstats-base-2.2.1.pom
[INFO] Downloading from mcmmo-repo: https://nexus.neetgames.com/repository/maven-public/org/bstats/bstats-base/2.2.1/bstats-base-2.2.1.pom
[INFO] Downloaded from mcmmo-repo: https://nexus.neetgames.com/repository/maven-public/org/bstats/bstats-base/2.2.1/bstats-base-2.2.1.pom (1.5 kB at 14 kB/s)
[INFO] Downloading from spigot-repo: https://hub.spigotmc.org/nexus/content/repositories/snapshots/com/google/code/findbugs/annotations/3.0.1u2/annotations-3.0.1u2.pom
[INFO] Downloading from jitpack.io: https://jitpack.io/com/google/code/findbugs/annotations/3.0.1u2/annotations-3.0.1u2.pom
[INFO] Downloading from mcmmo-repo: https://nexus.neetgames.com/repository/maven-public/com/google/code/findbugs/annotations/3.0.1u2/annotations-3.0.1u2.pom
[INFO] Downloaded from mcmmo-repo: https://nexus.neetgames.com/repository/maven-public/com/google/code/findbugs/annotations/3.0.1u2/annotations-3.0.1u2.pom (7.0 kB at 64 kB/s)
[INFO] Downloading from spigot-repo: https://hub.spigotmc.org/nexus/content/repositories/snapshots/net/jcip/jcip-annotations/1.0/jcip-annotations-1.0.pom
[INFO] Downloading from jitpack.io: https://jitpack.io/net/jcip/jcip-annotations/1.0/jcip-annotations-1.0.pom
[INFO] Downloading from mcmmo-repo: https://nexus.neetgames.com/repository/maven-public/net/jcip/jcip-annotations/1.0/jcip-annotations-1.0.pom
[INFO] Downloaded from mcmmo-repo: https://nexus.neetgames.com/repository/maven-public/net/jcip/jcip-annotations/1.0/jcip-annotations-1.0.pom (491 B at 4.5 kB/s)
[INFO] Downloading from spigot-repo: https://hub.spigotmc.org/nexus/content/repositories/snapshots/com/google/code/findbugs/jsr305/3.0.1/jsr305-3.0.1.pom
[INFO] Downloading from jitpack.io: https://jitpack.io/com/google/code/findbugs/jsr305/3.0.1/jsr305-3.0.1.pom
[INFO] Downloading from mcmmo-repo: https://nexus.neetgames.com/repository/maven-public/com/google/code/findbugs/jsr305/3.0.1/jsr305-3.0.1.pom
[INFO] Downloaded from mcmmo-repo: https://nexus.neetgames.com/repository/maven-public/com/google/code/findbugs/jsr305/3.0.1/jsr305-3.0.1.pom (4.3 kB at 39 kB/s)
[INFO] Downloading from spigot-repo: https://hub.spigotmc.org/nexus/content/repositories/snapshots/org/projectlombok/lombok/1.18.20/lombok-1.18.20.pom
[INFO] Downloading from jitpack.io: https://jitpack.io/org/projectlombok/lombok/1.18.20/lombok-1.18.20.pom
[INFO] Downloading from mcmmo-repo: https://nexus.neetgames.com/repository/maven-public/org/projectlombok/lombok/1.18.20/lombok-1.18.20.pom
[INFO] Downloaded from mcmmo-repo: https://nexus.neetgames.com/repository/maven-public/org/projectlombok/lombok/1.18.20/lombok-1.18.20.pom (1.5 kB at 14 kB/s)
[INFO] Downloading from spigot-repo: https://hub.spigotmc.org/nexus/content/repositories/snapshots/de/jeff_media/MorePersistentDataTypes/1.0.0/MorePersistentDataTypes-1.0.0.pom
[INFO] Downloading from jitpack.io: https://jitpack.io/de/jeff_media/MorePersistentDataTypes/1.0.0/MorePersistentDataTypes-1.0.0.pom
[INFO] Downloading from mcmmo-repo: https://nexus.neetgames.com/repository/maven-public/de/jeff_media/MorePersistentDataTypes/1.0.0/MorePersistentDataTypes-1.0.0.pom
[INFO] Downloading from jeff-media-public: https://hub.jeff-media.com/nexus/repository/jeff-media-public/de/jeff_media/MorePersistentDataTypes/1.0.0/MorePersistentDataTypes-1.0.0.pom
[INFO] Downloaded from jeff-media-public: https://hub.jeff-media.com/nexus/repository/jeff-media-public/de/jeff_media/MorePersistentDataTypes/1.0.0/MorePersistentDataTypes-1.0.0.pom (4.8 kB at 9.4 kB/s)
[INFO] Downloading from spigot-repo: https://hub.spigotmc.org/nexus/content/repositories/snapshots/com/gmail/nossr50/mcMMO/mcMMO/2.1.202/mcMMO-2.1.202.pom
[INFO] Downloading from jitpack.io: https://jitpack.io/com/gmail/nossr50/mcMMO/mcMMO/2.1.202/mcMMO-2.1.202.pom
[INFO] Downloading from mcmmo-repo: https://nexus.neetgames.com/repository/maven-public/com/gmail/nossr50/mcMMO/mcMMO/2.1.202/mcMMO-2.1.202.pom
[INFO] Downloaded from mcmmo-repo: https://nexus.neetgames.com/repository/maven-public/com/gmail/nossr50/mcMMO/mcMMO/2.1.202/mcMMO-2.1.202.pom (11 kB at 107 kB/s)
[INFO] Downloading from spigot-repo: https://hub.spigotmc.org/nexus/content/repositories/snapshots/org/apache/maven/scm/maven-scm-provider-gitexe/1.9.4/maven-scm-provider-gitexe-1.9.4.pom
[INFO] Downloading from jitpack.io: https://jitpack.io/org/apache/maven/scm/maven-scm-provider-gitexe/1.9.4/maven-scm-provider-gitexe-1.9.4.pom
[INFO] Downloading from mcmmo-repo: https://nexus.neetgames.com/repository/maven-public/org/apache/maven/scm/maven-scm-provider-gitexe/1.9.4/maven-scm-provider-gitexe-1.9.4.pom
[INFO] Downloaded from mcmmo-repo: https://nexus.neetgames.com/repository/maven-public/org/apache/maven/scm/maven-scm-provider-gitexe/1.9.4/maven-scm-provider-gitexe-1.9.4.pom (2.5 kB at 23 kB/s)
[INFO] Downloading from spigot-repo: https://hub.spigotmc.org/nexus/content/repositories/snapshots/org/apache/maven/scm/maven-scm-providers-git/1.9.4/maven-scm-providers-git-1.9.4.pom
[INFO] Downloading from jitpack.io: https://jitpack.io/org/apache/maven/scm/maven-scm-providers-git/1.9.4/maven-scm-providers-git-1.9.4.pom
[INFO] Downloading from mcmmo-repo: https://nexus.neetgames.com/repository/maven-public/org/apache/maven/scm/maven-scm-providers-git/1.9.4/maven-scm-providers-git-1.9.4.pom
[INFO] Downloaded from mcmmo-repo: https://nexus.neetgames.com/repository/maven-public/org/apache/maven/scm/maven-scm-providers-git/1.9.4/maven-scm-providers-git-1.9.4.pom (2.2 kB at 20 kB/s)
[INFO] Downloading from spigot-repo: https://hub.spigotmc.org/nexus/content/repositories/snapshots/org/apache/maven/scm/maven-scm-providers/1.9.4/maven-scm-providers-1.9.4.pom
[INFO] Downloading from jitpack.io: https://jitpack.io/org/apache/maven/scm/maven-scm-providers/1.9.4/maven-scm-providers-1.9.4.pom
[INFO] Downloading from mcmmo-repo: https://nexus.neetgames.com/repository/maven-public/org/apache/maven/scm/maven-scm-providers/1.9.4/maven-scm-providers-1.9.4.pom
[INFO] Downloaded from mcmmo-repo: https://nexus.neetgames.com/repository/maven-public/org/apache/maven/scm/maven-scm-providers/1.9.4/maven-scm-providers-1.9.4.pom (3.5 kB at 32 kB/s)
[INFO] Downloading from spigot-repo: https://hub.spigotmc.org/nexus/content/repositories/snapshots/org/apache/maven/scm/maven-scm/1.9.4/maven-scm-1.9.4.pom
[INFO] Downloading from jitpack.io: https://jitpack.io/org/apache/maven/scm/maven-scm/1.9.4/maven-scm-1.9.4.pom
[INFO] Downloading from mcmmo-repo: https://nexus.neetgames.com/repository/maven-public/org/apache/maven/scm/maven-scm/1.9.4/maven-scm-1.9.4.pom
[INFO] Downloaded from mcmmo-repo: https://nexus.neetgames.com/repository/maven-public/org/apache/maven/scm/maven-scm/1.9.4/maven-scm-1.9.4.pom (22 kB at 139 kB/s)
[INFO] Downloading from spigot-repo: https://hub.spigotmc.org/nexus/content/repositories/snapshots/org/apache/maven/maven-parent/26/maven-parent-26.pom
[INFO] Downloading from jitpack.io: https://jitpack.io/org/apache/maven/maven-parent/26/maven-parent-26.pom
[INFO] Downloading from mcmmo-repo: https://nexus.neetgames.com/repository/maven-public/org/apache/maven/maven-parent/26/maven-parent-26.pom
[INFO] Downloaded from mcmmo-repo: https://nexus.neetgames.com/repository/maven-public/org/apache/maven/maven-parent/26/maven-parent-26.pom (40 kB at 249 kB/s)
[INFO] Downloading from spigot-repo: https://hub.spigotmc.org/nexus/content/repositories/snapshots/org/apache/apache/16/apache-16.pom
[INFO] Downloading from jitpack.io: https://jitpack.io/org/apache/apache/16/apache-16.pom
[INFO] Downloading from mcmmo-repo: https://nexus.neetgames.com/repository/maven-public/org/apache/apache/16/apache-16.pom
[INFO] Downloaded from mcmmo-repo: https://nexus.neetgames.com/repository/maven-public/org/apache/apache/16/apache-16.pom (15 kB at 143 kB/s)
[INFO] Downloading from spigot-repo: https://hub.spigotmc.org/nexus/content/repositories/snapshots/commons-io/commons-io/2.2/commons-io-2.2.pom
[INFO] Downloading from jitpack.io: https://jitpack.io/commons-io/commons-io/2.2/commons-io-2.2.pom
[INFO] Downloading from mcmmo-repo: https://nexus.neetgames.com/repository/maven-public/commons-io/commons-io/2.2/commons-io-2.2.pom
[INFO] Downloaded from mcmmo-repo: https://nexus.neetgames.com/repository/maven-public/commons-io/commons-io/2.2/commons-io-2.2.pom (11 kB at 103 kB/s)
[INFO] Downloading from spigot-repo: https://hub.spigotmc.org/nexus/content/repositories/snapshots/org/apache/commons/commons-parent/24/commons-parent-24.pom
[INFO] Downloading from jitpack.io: https://jitpack.io/org/apache/commons/commons-parent/24/commons-parent-24.pom
[INFO] Downloading from mcmmo-repo: https://nexus.neetgames.com/repository/maven-public/org/apache/commons/commons-parent/24/commons-parent-24.pom
[INFO] Downloaded from mcmmo-repo: https://nexus.neetgames.com/repository/maven-public/org/apache/commons/commons-parent/24/commons-parent-24.pom (47 kB at 295 kB/s)
[INFO] Downloading from spigot-repo: https://hub.spigotmc.org/nexus/content/repositories/snapshots/org/apache/apache/9/apache-9.pom
[INFO] Downloading from jitpack.io: https://jitpack.io/org/apache/apache/9/apache-9.pom
[INFO] Downloading from mcmmo-repo: https://nexus.neetgames.com/repository/maven-public/org/apache/apache/9/apache-9.pom
[INFO] Downloaded from mcmmo-repo: https://nexus.neetgames.com/repository/maven-public/org/apache/apache/9/apache-9.pom (15 kB at 140 kB/s)
[INFO] Downloading from spigot-repo: https://hub.spigotmc.org/nexus/content/repositories/snapshots/org/apache/maven/scm/maven-scm-provider-git-commons/1.9.4/maven-scm-provider-git-commons-1.9.4.pom
[INFO] Downloading from jitpack.io: https://jitpack.io/org/apache/maven/scm/maven-scm-provider-git-commons/1.9.4/maven-scm-provider-git-commons-1.9.4.pom
[INFO] Downloading from mcmmo-repo: https://nexus.neetgames.com/repository/maven-public/org/apache/maven/scm/maven-scm-provider-git-commons/1.9.4/maven-scm-provider-git-commons-1.9.4.pom
[INFO] Downloaded from mcmmo-repo: https://nexus.neetgames.com/repository/maven-public/org/apache/maven/scm/maven-scm-provider-git-commons/1.9.4/maven-scm-provider-git-commons-1.9.4.pom (2.1 kB at 19 kB/s)
[INFO] Downloading from spigot-repo: https://hub.spigotmc.org/nexus/content/repositories/snapshots/org/apache/maven/scm/maven-scm-api/1.9.4/maven-scm-api-1.9.4.pom
[INFO] Downloading from jitpack.io: https://jitpack.io/org/apache/maven/scm/maven-scm-api/1.9.4/maven-scm-api-1.9.4.pom
[INFO] Downloading from mcmmo-repo: https://nexus.neetgames.com/repository/maven-public/org/apache/maven/scm/maven-scm-api/1.9.4/maven-scm-api-1.9.4.pom
[INFO] Downloaded from mcmmo-repo: https://nexus.neetgames.com/repository/maven-public/org/apache/maven/scm/maven-scm-api/1.9.4/maven-scm-api-1.9.4.pom (1.6 kB at 15 kB/s)
[INFO] Downloading from spigot-repo: https://hub.spigotmc.org/nexus/content/repositories/snapshots/org/codehaus/plexus/plexus-utils/3.0.15/plexus-utils-3.0.15.pom
[INFO] Downloading from jitpack.io: https://jitpack.io/org/codehaus/plexus/plexus-utils/3.0.15/plexus-utils-3.0.15.pom
[INFO] Downloading from mcmmo-repo: https://nexus.neetgames.com/repository/maven-public/org/codehaus/plexus/plexus-utils/3.0.15/plexus-utils-3.0.15.pom
[INFO] Downloaded from mcmmo-repo: https://nexus.neetgames.com/repository/maven-public/org/codehaus/plexus/plexus-utils/3.0.15/plexus-utils-3.0.15.pom (3.1 kB at 29 kB/s)
[INFO] Downloading from spigot-repo: https://hub.spigotmc.org/nexus/content/repositories/snapshots/org/codehaus/plexus/plexus/3.3.1/plexus-3.3.1.pom
[INFO] Downloading from jitpack.io: https://jitpack.io/org/codehaus/plexus/plexus/3.3.1/plexus-3.3.1.pom
[INFO] Downloading from mcmmo-repo: https://nexus.neetgames.com/repository/maven-public/org/codehaus/plexus/plexus/3.3.1/plexus-3.3.1.pom
[INFO] Downloaded from mcmmo-repo: https://nexus.neetgames.com/repository/maven-public/org/codehaus/plexus/plexus/3.3.1/plexus-3.3.1.pom (20 kB at 129 kB/s)
[INFO] Downloading from spigot-repo: https://hub.spigotmc.org/nexus/content/repositories/snapshots/org/sonatype/spice/spice-parent/17/spice-parent-17.pom
[INFO] Downloading from jitpack.io: https://jitpack.io/org/sonatype/spice/spice-parent/17/spice-parent-17.pom
[INFO] Downloading from mcmmo-repo: https://nexus.neetgames.com/repository/maven-public/org/sonatype/spice/spice-parent/17/spice-parent-17.pom
[INFO] Downloaded from mcmmo-repo: https://nexus.neetgames.com/repository/maven-public/org/sonatype/spice/spice-parent/17/spice-parent-17.pom (6.8 kB at 63 kB/s)
[INFO] Downloading from spigot-repo: https://hub.spigotmc.org/nexus/content/repositories/snapshots/org/sonatype/forge/forge-parent/10/forge-parent-10.pom
[INFO] Downloading from jitpack.io: https://jitpack.io/org/sonatype/forge/forge-parent/10/forge-parent-10.pom
[INFO] Downloading from mcmmo-repo: https://nexus.neetgames.com/repository/maven-public/org/sonatype/forge/forge-parent/10/forge-parent-10.pom
[INFO] Downloaded from mcmmo-repo: https://nexus.neetgames.com/repository/maven-public/org/sonatype/forge/forge-parent/10/forge-parent-10.pom (14 kB at 126 kB/s)
[INFO] Downloading from spigot-repo: https://hub.spigotmc.org/nexus/content/repositories/snapshots/com/sk89q/worldguard/worldguard-core/7.0.4/worldguard-core-7.0.4.pom
[INFO] Downloading from jitpack.io: https://jitpack.io/com/sk89q/worldguard/worldguard-core/7.0.4/worldguard-core-7.0.4.pom
[INFO] Downloading from mcmmo-repo: https://nexus.neetgames.com/repository/maven-public/com/sk89q/worldguard/worldguard-core/7.0.4/worldguard-core-7.0.4.pom
[INFO] Downloading from jeff-media-public: https://hub.jeff-media.com/nexus/repository/jeff-media-public/com/sk89q/worldguard/worldguard-core/7.0.4/worldguard-core-7.0.4.pom
[INFO] Downloading from bg-repo: https://repo.bg-software.com/repository/api/com/sk89q/worldguard/worldguard-core/7.0.4/worldguard-core-7.0.4.pom
[INFO] Downloading from rosewood-repo: https://repo.rosewooddev.io/repository/public/com/sk89q/worldguard/worldguard-core/7.0.4/worldguard-core-7.0.4.pom
[INFO] Downloading from central: https://repo.maven.apache.org/maven2/com/sk89q/worldguard/worldguard-core/7.0.4/worldguard-core-7.0.4.pom
[INFO] Downloading from CodeMC: https://repo.codemc.org/repository/maven-public/com/sk89q/worldguard/worldguard-core/7.0.4/worldguard-core-7.0.4.pom
[INFO] Downloading from sk89q-repo: https://maven.sk89q.com/repo/com/sk89q/worldguard/worldguard-core/7.0.4/worldguard-core-7.0.4.pom
[INFO] Downloaded from sk89q-repo: https://maven.sk89q.com/repo/com/sk89q/worldguard/worldguard-core/7.0.4/worldguard-core-7.0.4.pom (1.7 kB at 8.1 kB/s)
[INFO] Downloading from spigot-repo: https://hub.spigotmc.org/nexus/content/repositories/snapshots/com/sk89q/worldguard/worldguard-libs/core/7.0.4/core-7.0.4.pom
[INFO] Downloading from jitpack.io: https://jitpack.io/com/sk89q/worldguard/worldguard-libs/core/7.0.4/core-7.0.4.pom
[INFO] Downloading from mcmmo-repo: https://nexus.neetgames.com/repository/maven-public/com/sk89q/worldguard/worldguard-libs/core/7.0.4/core-7.0.4.pom
[INFO] Downloading from jeff-media-public: https://hub.jeff-media.com/nexus/repository/jeff-media-public/com/sk89q/worldguard/worldguard-libs/core/7.0.4/core-7.0.4.pom
[INFO] Downloading from bg-repo: https://repo.bg-software.com/repository/api/com/sk89q/worldguard/worldguard-libs/core/7.0.4/core-7.0.4.pom
[INFO] Downloading from rosewood-repo: https://repo.rosewooddev.io/repository/public/com/sk89q/worldguard/worldguard-libs/core/7.0.4/core-7.0.4.pom
[INFO] Downloading from central: https://repo.maven.apache.org/maven2/com/sk89q/worldguard/worldguard-libs/core/7.0.4/core-7.0.4.pom
[INFO] Downloading from CodeMC: https://repo.codemc.org/repository/maven-public/com/sk89q/worldguard/worldguard-libs/core/7.0.4/core-7.0.4.pom
[INFO] Downloading from sk89q-repo: https://maven.sk89q.com/repo/com/sk89q/worldguard/worldguard-libs/core/7.0.4/core-7.0.4.pom
[INFO] Downloaded from sk89q-repo: https://maven.sk89q.com/repo/com/sk89q/worldguard/worldguard-libs/core/7.0.4/core-7.0.4.pom (413 B at 3.0 kB/s)
[INFO] Downloading from spigot-repo: https://hub.spigotmc.org/nexus/content/repositories/snapshots/com/sk89q/worldedit/worldedit-core/7.2.0-SNAPSHOT/maven-metadata.xml
[INFO] Downloading from jitpack.io: https://jitpack.io/com/sk89q/worldedit/worldedit-core/7.2.0-SNAPSHOT/maven-metadata.xml
[INFO] Downloading from mcmmo-repo: https://nexus.neetgames.com/repository/maven-public/com/sk89q/worldedit/worldedit-core/7.2.0-SNAPSHOT/maven-metadata.xml
[INFO] Downloading from jeff-media-public: https://hub.jeff-media.com/nexus/repository/jeff-media-public/com/sk89q/worldedit/worldedit-core/7.2.0-SNAPSHOT/maven-metadata.xml
[INFO] Downloading from bg-repo: https://repo.bg-software.com/repository/api/com/sk89q/worldedit/worldedit-core/7.2.0-SNAPSHOT/maven-metadata.xml
[INFO] Downloading from rosewood-repo: https://repo.rosewooddev.io/repository/public/com/sk89q/worldedit/worldedit-core/7.2.0-SNAPSHOT/maven-metadata.xml
[INFO] Downloading from CodeMC: https://repo.codemc.org/repository/maven-public/com/sk89q/worldedit/worldedit-core/7.2.0-SNAPSHOT/maven-metadata.xml
[INFO] Downloading from sk89q-repo: https://maven.sk89q.com/repo/com/sk89q/worldedit/worldedit-core/7.2.0-SNAPSHOT/maven-metadata.xml
[INFO] Downloading from sonatype-oss: https://oss.sonatype.org/content/repositories/snapshots/com/sk89q/worldedit/worldedit-core/7.2.0-SNAPSHOT/maven-metadata.xml
[INFO] Downloaded from sk89q-repo: https://maven.sk89q.com/repo/com/sk89q/worldedit/worldedit-core/7.2.0-SNAPSHOT/maven-metadata.xml (1.2 kB at 11 kB/s)
[INFO] Downloading from aikar: https://repo.aikar.co/content/groups/aikar/com/sk89q/worldedit/worldedit-core/7.2.0-SNAPSHOT/maven-metadata.xml
[INFO] Downloaded from aikar: https://repo.aikar.co/content/groups/aikar/com/sk89q/worldedit/worldedit-core/7.2.0-SNAPSHOT/maven-metadata.xml (1.2 kB at 2.4 kB/s)
[WARNING] Could not transfer metadata com.sk89q.worldedit:worldedit-core:7.2.0-SNAPSHOT/maven-metadata.xml from/to rosewood-repo (https://repo.rosewooddev.io/repository/public/): transfer failed for https://repo.rosewooddev.io/repository/public/com/sk89q/worldedit/worldedit-core/7.2.0-SNAPSHOT/maven-metadata.xml, status: 522
[WARNING] com.sk89q.worldedit:worldedit-core:7.2.0-SNAPSHOT/maven-metadata.xmlfailed to transfer from https://repo.rosewooddev.io/repository/public/ during a previous attempt. This failure was cached in the local repository and resolution will not be reattempted until the update interval of rosewood-repo has elapsed or updates are forced. Original error: Could not transfer metadata com.sk89q.worldedit:worldedit-core:7.2.0-SNAPSHOT/maven-metadata.xml from/to rosewood-repo (https://repo.rosewooddev.io/repository/public/): transfer failed for https://repo.rosewooddev.io/repository/public/com/sk89q/worldedit/worldedit-core/7.2.0-SNAPSHOT/maven-metadata.xml, status: 522
[INFO] Downloading from spigot-repo: https://hub.spigotmc.org/nexus/content/repositories/snapshots/com/sk89q/worldedit/worldedit-core/7.2.0-SNAPSHOT/worldedit-core-7.2.0-20201102.221009-185.pom
[INFO] Downloading from jitpack.io: https://jitpack.io/com/sk89q/worldedit/worldedit-core/7.2.0-SNAPSHOT/worldedit-core-7.2.0-20201102.221009-185.pom
[INFO] Downloading from mcmmo-repo: https://nexus.neetgames.com/repository/maven-public/com/sk89q/worldedit/worldedit-core/7.2.0-SNAPSHOT/worldedit-core-7.2.0-20201102.221009-185.pom
[INFO] Downloading from jeff-media-public: https://hub.jeff-media.com/nexus/repository/jeff-media-public/com/sk89q/worldedit/worldedit-core/7.2.0-SNAPSHOT/worldedit-core-7.2.0-20201102.221009-185.pom
[INFO] Downloading from bg-repo: https://repo.bg-software.com/repository/api/com/sk89q/worldedit/worldedit-core/7.2.0-SNAPSHOT/worldedit-core-7.2.0-20201102.221009-185.pom
[INFO] Downloading from rosewood-repo: https://repo.rosewooddev.io/repository/public/com/sk89q/worldedit/worldedit-core/7.2.0-SNAPSHOT/worldedit-core-7.2.0-20201102.221009-185.pom
[INFO] Downloading from CodeMC: https://repo.codemc.org/repository/maven-public/com/sk89q/worldedit/worldedit-core/7.2.0-SNAPSHOT/worldedit-core-7.2.0-20201102.221009-185.pom
[INFO] Downloading from sk89q-repo: https://maven.sk89q.com/repo/com/sk89q/worldedit/worldedit-core/7.2.0-SNAPSHOT/worldedit-core-7.2.0-20201102.221009-185.pom
[INFO] Downloaded from sk89q-repo: https://maven.sk89q.com/repo/com/sk89q/worldedit/worldedit-core/7.2.0-SNAPSHOT/worldedit-core-7.2.0-20201102.221009-185.pom (3.7 kB at 27 kB/s)
[INFO] Downloading from spigot-repo: https://hub.spigotmc.org/nexus/content/repositories/snapshots/com/sk89q/worldedit/worldedit-libs/core/7.2.0-SNAPSHOT/maven-metadata.xml
[INFO] Downloading from jitpack.io: https://jitpack.io/com/sk89q/worldedit/worldedit-libs/core/7.2.0-SNAPSHOT/maven-metadata.xml
[INFO] Downloading from mcmmo-repo: https://nexus.neetgames.com/repository/maven-public/com/sk89q/worldedit/worldedit-libs/core/7.2.0-SNAPSHOT/maven-metadata.xml
[INFO] Downloading from jeff-media-public: https://hub.jeff-media.com/nexus/repository/jeff-media-public/com/sk89q/worldedit/worldedit-libs/core/7.2.0-SNAPSHOT/maven-metadata.xml
[INFO] Downloading from bg-repo: https://repo.bg-software.com/repository/api/com/sk89q/worldedit/worldedit-libs/core/7.2.0-SNAPSHOT/maven-metadata.xml
[INFO] Downloading from rosewood-repo: https://repo.rosewooddev.io/repository/public/com/sk89q/worldedit/worldedit-libs/core/7.2.0-SNAPSHOT/maven-metadata.xml
[INFO] Downloading from CodeMC: https://repo.codemc.org/repository/maven-public/com/sk89q/worldedit/worldedit-libs/core/7.2.0-SNAPSHOT/maven-metadata.xml
[INFO] Downloading from sk89q-repo: https://maven.sk89q.com/repo/com/sk89q/worldedit/worldedit-libs/core/7.2.0-SNAPSHOT/maven-metadata.xml
[INFO] Downloading from sonatype-oss: https://oss.sonatype.org/content/repositories/snapshots/com/sk89q/worldedit/worldedit-libs/core/7.2.0-SNAPSHOT/maven-metadata.xml
[INFO] Downloaded from sk89q-repo: https://maven.sk89q.com/repo/com/sk89q/worldedit/worldedit-libs/core/7.2.0-SNAPSHOT/maven-metadata.xml (1.0 kB at 11 kB/s)
[INFO] Downloading from aikar: https://repo.aikar.co/content/groups/aikar/com/sk89q/worldedit/worldedit-libs/core/7.2.0-SNAPSHOT/maven-metadata.xml
[INFO] Downloaded from aikar: https://repo.aikar.co/content/groups/aikar/com/sk89q/worldedit/worldedit-libs/core/7.2.0-SNAPSHOT/maven-metadata.xml (1.0 kB at 5.2 kB/s)
[WARNING] Could not transfer metadata com.sk89q.worldedit.worldedit-libs:core:7.2.0-SNAPSHOT/maven-metadata.xml from/to rosewood-repo (https://repo.rosewooddev.io/repository/public/): transfer failed for https://repo.rosewooddev.io/repository/public/com/sk89q/worldedit/worldedit-libs/core/7.2.0-SNAPSHOT/maven-metadata.xml, status: 522
[WARNING] com.sk89q.worldedit.worldedit-libs:core:7.2.0-SNAPSHOT/maven-metadata.xmlfailed to transfer from https://repo.rosewooddev.io/repository/public/ during a previous attempt. This failure was cached in the local repository and resolution will not be reattempted until the update interval of rosewood-repo has elapsed or updates are forced. Original error: Could not transfer metadata com.sk89q.worldedit.worldedit-libs:core:7.2.0-SNAPSHOT/maven-metadata.xml from/to rosewood-repo (https://repo.rosewooddev.io/repository/public/): transfer failed for https://repo.rosewooddev.io/repository/public/com/sk89q/worldedit/worldedit-libs/core/7.2.0-SNAPSHOT/maven-metadata.xml, status: 522
[INFO] Downloading from spigot-repo: https://hub.spigotmc.org/nexus/content/repositories/snapshots/com/sk89q/worldedit/worldedit-libs/core/7.2.0-SNAPSHOT/core-7.2.0-20201102.221009-188.pom
[INFO] Downloading from jitpack.io: https://jitpack.io/com/sk89q/worldedit/worldedit-libs/core/7.2.0-SNAPSHOT/core-7.2.0-20201102.221009-188.pom
[INFO] Downloading from mcmmo-repo: https://nexus.neetgames.com/repository/maven-public/com/sk89q/worldedit/worldedit-libs/core/7.2.0-SNAPSHOT/core-7.2.0-20201102.221009-188.pom
[INFO] Downloading from jeff-media-public: https://hub.jeff-media.com/nexus/repository/jeff-media-public/com/sk89q/worldedit/worldedit-libs/core/7.2.0-SNAPSHOT/core-7.2.0-20201102.221009-188.pom
[INFO] Downloading from bg-repo: https://repo.bg-software.com/repository/api/com/sk89q/worldedit/worldedit-libs/core/7.2.0-SNAPSHOT/core-7.2.0-20201102.221009-188.pom
[INFO] Downloading from rosewood-repo: https://repo.rosewooddev.io/repository/public/com/sk89q/worldedit/worldedit-libs/core/7.2.0-SNAPSHOT/core-7.2.0-20201102.221009-188.pom
[INFO] Downloading from CodeMC: https://repo.codemc.org/repository/maven-public/com/sk89q/worldedit/worldedit-libs/core/7.2.0-SNAPSHOT/core-7.2.0-20201102.221009-188.pom
[INFO] Downloading from sk89q-repo: https://maven.sk89q.com/repo/com/sk89q/worldedit/worldedit-libs/core/7.2.0-SNAPSHOT/core-7.2.0-20201102.221009-188.pom
[INFO] Downloaded from sk89q-repo: https://maven.sk89q.com/repo/com/sk89q/worldedit/worldedit-libs/core/7.2.0-SNAPSHOT/core-7.2.0-20201102.221009-188.pom (420 B at 3.5 kB/s)
[INFO] Downloading from spigot-repo: https://hub.spigotmc.org/nexus/content/repositories/snapshots/de/schlichtherle/truezip/6.8.3/truezip-6.8.3.pom
[INFO] Downloading from jitpack.io: https://jitpack.io/de/schlichtherle/truezip/6.8.3/truezip-6.8.3.pom
[INFO] Downloading from mcmmo-repo: https://nexus.neetgames.com/repository/maven-public/de/schlichtherle/truezip/6.8.3/truezip-6.8.3.pom
[INFO] Downloaded from mcmmo-repo: https://nexus.neetgames.com/repository/maven-public/de/schlichtherle/truezip/6.8.3/truezip-6.8.3.pom (5.1 kB at 46 kB/s)
[INFO] Downloading from spigot-repo: https://hub.spigotmc.org/nexus/content/repositories/snapshots/de/schlichtherle/asl20-oss-parent/13/asl20-oss-parent-13.pom
[INFO] Downloading from jitpack.io: https://jitpack.io/de/schlichtherle/asl20-oss-parent/13/asl20-oss-parent-13.pom
[INFO] Downloading from mcmmo-repo: https://nexus.neetgames.com/repository/maven-public/de/schlichtherle/asl20-oss-parent/13/asl20-oss-parent-13.pom
[INFO] Downloaded from mcmmo-repo: https://nexus.neetgames.com/repository/maven-public/de/schlichtherle/asl20-oss-parent/13/asl20-oss-parent-13.pom (9.5 kB at 89 kB/s)
[INFO] Downloading from spigot-repo: https://hub.spigotmc.org/nexus/content/repositories/snapshots/net/java/truevfs/truevfs-profile-default_2.13/0.12.1/truevfs-profile-default_2.13-0.12.1.pom
[INFO] Downloading from jitpack.io: https://jitpack.io/net/java/truevfs/truevfs-profile-default_2.13/0.12.1/truevfs-profile-default_2.13-0.12.1.pom
[INFO] Downloading from mcmmo-repo: https://nexus.neetgames.com/repository/maven-public/net/java/truevfs/truevfs-profile-default_2.13/0.12.1/truevfs-profile-default_2.13-0.12.1.pom
[INFO] Downloaded from mcmmo-repo: https://nexus.neetgames.com/repository/maven-public/net/java/truevfs/truevfs-profile-default_2.13/0.12.1/truevfs-profile-default_2.13-0.12.1.pom (4.4 kB at 40 kB/s)
[INFO] Downloading from spigot-repo: https://hub.spigotmc.org/nexus/content/repositories/snapshots/org/scala-lang/scala-library/2.13.1/scala-library-2.13.1.pom
[INFO] Downloading from jitpack.io: https://jitpack.io/org/scala-lang/scala-library/2.13.1/scala-library-2.13.1.pom
[INFO] Downloading from mcmmo-repo: https://nexus.neetgames.com/repository/maven-public/org/scala-lang/scala-library/2.13.1/scala-library-2.13.1.pom
[INFO] Downloaded from mcmmo-repo: https://nexus.neetgames.com/repository/maven-public/org/scala-lang/scala-library/2.13.1/scala-library-2.13.1.pom (1.6 kB at 15 kB/s)
[INFO] Downloading from spigot-repo: https://hub.spigotmc.org/nexus/content/repositories/snapshots/net/java/truevfs/truevfs-driver-http/0.12.1/truevfs-driver-http-0.12.1.pom
[INFO] Downloading from jitpack.io: https://jitpack.io/net/java/truevfs/truevfs-driver-http/0.12.1/truevfs-driver-http-0.12.1.pom
[INFO] Downloading from mcmmo-repo: https://nexus.neetgames.com/repository/maven-public/net/java/truevfs/truevfs-driver-http/0.12.1/truevfs-driver-http-0.12.1.pom
[INFO] Downloaded from mcmmo-repo: https://nexus.neetgames.com/repository/maven-public/net/java/truevfs/truevfs-driver-http/0.12.1/truevfs-driver-http-0.12.1.pom (2.9 kB at 27 kB/s)
[INFO] Downloading from spigot-repo: https://hub.spigotmc.org/nexus/content/repositories/snapshots/net/java/truevfs/truevfs-kernel-spec/0.12.1/truevfs-kernel-spec-0.12.1.pom
[INFO] Downloading from jitpack.io: https://jitpack.io/net/java/truevfs/truevfs-kernel-spec/0.12.1/truevfs-kernel-spec-0.12.1.pom
[INFO] Downloading from mcmmo-repo: https://nexus.neetgames.com/repository/maven-public/net/java/truevfs/truevfs-kernel-spec/0.12.1/truevfs-kernel-spec-0.12.1.pom
[INFO] Downloaded from mcmmo-repo: https://nexus.neetgames.com/repository/maven-public/net/java/truevfs/truevfs-kernel-spec/0.12.1/truevfs-kernel-spec-0.12.1.pom (3.5 kB at 30 kB/s)
[INFO] Downloading from spigot-repo: https://hub.spigotmc.org/nexus/content/repositories/snapshots/net/java/truecommons/truecommons-annotations/2.5.0/truecommons-annotations-2.5.0.pom
[INFO] Downloading from jitpack.io: https://jitpack.io/net/java/truecommons/truecommons-annotations/2.5.0/truecommons-annotations-2.5.0.pom
[INFO] Downloading from mcmmo-repo: https://nexus.neetgames.com/repository/maven-public/net/java/truecommons/truecommons-annotations/2.5.0/truecommons-annotations-2.5.0.pom
[INFO] Downloaded from mcmmo-repo: https://nexus.neetgames.com/repository/maven-public/net/java/truecommons/truecommons-annotations/2.5.0/truecommons-annotations-2.5.0.pom (1.8 kB at 16 kB/s)
[INFO] Downloading from spigot-repo: https://hub.spigotmc.org/nexus/content/repositories/snapshots/net/java/truecommons/truecommons/2.5.0/truecommons-2.5.0.pom
[INFO] Downloading from jitpack.io: https://jitpack.io/net/java/truecommons/truecommons/2.5.0/truecommons-2.5.0.pom
[INFO] Downloading from mcmmo-repo: https://nexus.neetgames.com/repository/maven-public/net/java/truecommons/truecommons/2.5.0/truecommons-2.5.0.pom
[INFO] Downloaded from mcmmo-repo: https://nexus.neetgames.com/repository/maven-public/net/java/truecommons/truecommons/2.5.0/truecommons-2.5.0.pom (9.8 kB at 92 kB/s)
[INFO] Downloading from spigot-repo: https://hub.spigotmc.org/nexus/content/repositories/snapshots/net/java/truecommons/truecommons-parent/108/truecommons-parent-108.pom
[INFO] Downloading from jitpack.io: https://jitpack.io/net/java/truecommons/truecommons-parent/108/truecommons-parent-108.pom
[INFO] Downloading from mcmmo-repo: https://nexus.neetgames.com/repository/maven-public/net/java/truecommons/truecommons-parent/108/truecommons-parent-108.pom
[INFO] Downloaded from mcmmo-repo: https://nexus.neetgames.com/repository/maven-public/net/java/truecommons/truecommons-parent/108/truecommons-parent-108.pom (24 kB at 146 kB/s)
[INFO] Downloading from spigot-repo: https://hub.spigotmc.org/nexus/content/repositories/snapshots/com/google/code/findbugs/annotations/3.0.0/annotations-3.0.0.pom
[INFO] Downloading from jitpack.io: https://jitpack.io/com/google/code/findbugs/annotations/3.0.0/annotations-3.0.0.pom
[INFO] Downloading from mcmmo-repo: https://nexus.neetgames.com/repository/maven-public/com/google/code/findbugs/annotations/3.0.0/annotations-3.0.0.pom
[INFO] Downloaded from mcmmo-repo: https://nexus.neetgames.com/repository/maven-public/com/google/code/findbugs/annotations/3.0.0/annotations-3.0.0.pom (3.5 kB at 32 kB/s)
[INFO] Downloading from spigot-repo: https://hub.spigotmc.org/nexus/content/repositories/snapshots/net/java/truecommons/truecommons-cio/2.5.0/truecommons-cio-2.5.0.pom
[INFO] Downloading from jitpack.io: https://jitpack.io/net/java/truecommons/truecommons-cio/2.5.0/truecommons-cio-2.5.0.pom
[INFO] Downloading from mcmmo-repo: https://nexus.neetgames.com/repository/maven-public/net/java/truecommons/truecommons-cio/2.5.0/truecommons-cio-2.5.0.pom
[INFO] Downloaded from mcmmo-repo: https://nexus.neetgames.com/repository/maven-public/net/java/truecommons/truecommons-cio/2.5.0/truecommons-cio-2.5.0.pom (2.1 kB at 20 kB/s)
[INFO] Downloading from spigot-repo: https://hub.spigotmc.org/nexus/content/repositories/snapshots/net/java/truecommons/truecommons-io/2.5.0/truecommons-io-2.5.0.pom
[INFO] Downloading from jitpack.io: https://jitpack.io/net/java/truecommons/truecommons-io/2.5.0/truecommons-io-2.5.0.pom
[INFO] Downloading from mcmmo-repo: https://nexus.neetgames.com/repository/maven-public/net/java/truecommons/truecommons-io/2.5.0/truecommons-io-2.5.0.pom
[INFO] Downloaded from mcmmo-repo: https://nexus.neetgames.com/repository/maven-public/net/java/truecommons/truecommons-io/2.5.0/truecommons-io-2.5.0.pom (2.1 kB at 20 kB/s)
[INFO] Downloading from spigot-repo: https://hub.spigotmc.org/nexus/content/repositories/snapshots/net/java/truecommons/truecommons-shed/2.5.0/truecommons-shed-2.5.0.pom
[INFO] Downloading from jitpack.io: https://jitpack.io/net/java/truecommons/truecommons-shed/2.5.0/truecommons-shed-2.5.0.pom
[INFO] Downloading from mcmmo-repo: https://nexus.neetgames.com/repository/maven-public/net/java/truecommons/truecommons-shed/2.5.0/truecommons-shed-2.5.0.pom
[INFO] Downloaded from mcmmo-repo: https://nexus.neetgames.com/repository/maven-public/net/java/truecommons/truecommons-shed/2.5.0/truecommons-shed-2.5.0.pom (2.5 kB at 23 kB/s)
[INFO] Downloading from spigot-repo: https://hub.spigotmc.org/nexus/content/repositories/snapshots/net/java/truecommons/truecommons-services/2.5.0/truecommons-services-2.5.0.pom
[INFO] Downloading from jitpack.io: https://jitpack.io/net/java/truecommons/truecommons-services/2.5.0/truecommons-services-2.5.0.pom
[INFO] Downloading from mcmmo-repo: https://nexus.neetgames.com/repository/maven-public/net/java/truecommons/truecommons-services/2.5.0/truecommons-services-2.5.0.pom
[INFO] Downloaded from mcmmo-repo: https://nexus.neetgames.com/repository/maven-public/net/java/truecommons/truecommons-services/2.5.0/truecommons-services-2.5.0.pom (1.4 kB at 4.7 kB/s)
[INFO] Downloading from spigot-repo: https://hub.spigotmc.org/nexus/content/repositories/snapshots/net/java/truecommons/truecommons-logging/2.5.0/truecommons-logging-2.5.0.pom
[INFO] Downloading from jitpack.io: https://jitpack.io/net/java/truecommons/truecommons-logging/2.5.0/truecommons-logging-2.5.0.pom
[INFO] Downloading from mcmmo-repo: https://nexus.neetgames.com/repository/maven-public/net/java/truecommons/truecommons-logging/2.5.0/truecommons-logging-2.5.0.pom
[INFO] Downloaded from mcmmo-repo: https://nexus.neetgames.com/repository/maven-public/net/java/truecommons/truecommons-logging/2.5.0/truecommons-logging-2.5.0.pom (1.1 kB at 8.6 kB/s)
[INFO] Downloading from spigot-repo: https://hub.spigotmc.org/nexus/content/repositories/snapshots/org/slf4j/slf4j-api/1.7.12/slf4j-api-1.7.12.pom
[INFO] Downloading from jitpack.io: https://jitpack.io/org/slf4j/slf4j-api/1.7.12/slf4j-api-1.7.12.pom
[INFO] Downloading from mcmmo-repo: https://nexus.neetgames.com/repository/maven-public/org/slf4j/slf4j-api/1.7.12/slf4j-api-1.7.12.pom
[INFO] Downloaded from mcmmo-repo: https://nexus.neetgames.com/repository/maven-public/org/slf4j/slf4j-api/1.7.12/slf4j-api-1.7.12.pom (2.7 kB at 21 kB/s)
[INFO] Downloading from spigot-repo: https://hub.spigotmc.org/nexus/content/repositories/snapshots/org/slf4j/slf4j-parent/1.7.12/slf4j-parent-1.7.12.pom
[INFO] Downloading from jitpack.io: https://jitpack.io/org/slf4j/slf4j-parent/1.7.12/slf4j-parent-1.7.12.pom
[INFO] Downloading from mcmmo-repo: https://nexus.neetgames.com/repository/maven-public/org/slf4j/slf4j-parent/1.7.12/slf4j-parent-1.7.12.pom
[INFO] Downloaded from mcmmo-repo: https://nexus.neetgames.com/repository/maven-public/org/slf4j/slf4j-parent/1.7.12/slf4j-parent-1.7.12.pom (12 kB at 93 kB/s)
[INFO] Downloading from spigot-repo: https://hub.spigotmc.org/nexus/content/repositories/snapshots/javax/inject/javax.inject/1/javax.inject-1.pom
[INFO] Downloading from jitpack.io: https://jitpack.io/javax/inject/javax.inject/1/javax.inject-1.pom
[INFO] Downloading from mcmmo-repo: https://nexus.neetgames.com/repository/maven-public/javax/inject/javax.inject/1/javax.inject-1.pom
[INFO] Downloaded from mcmmo-repo: https://nexus.neetgames.com/repository/maven-public/javax/inject/javax.inject/1/javax.inject-1.pom (612 B at 4.7 kB/s)
[INFO] Downloading from spigot-repo: https://hub.spigotmc.org/nexus/content/repositories/snapshots/org/apache/httpcomponents/httpclient/4.5.10/httpclient-4.5.10.pom
[INFO] Downloading from jitpack.io: https://jitpack.io/org/apache/httpcomponents/httpclient/4.5.10/httpclient-4.5.10.pom
[INFO] Downloading from mcmmo-repo: https://nexus.neetgames.com/repository/maven-public/org/apache/httpcomponents/httpclient/4.5.10/httpclient-4.5.10.pom
[INFO] Downloaded from mcmmo-repo: https://nexus.neetgames.com/repository/maven-public/org/apache/httpcomponents/httpclient/4.5.10/httpclient-4.5.10.pom (6.6 kB at 52 kB/s)
[INFO] Downloading from spigot-repo: https://hub.spigotmc.org/nexus/content/repositories/snapshots/org/apache/httpcomponents/httpcomponents-client/4.5.10/httpcomponents-client-4.5.10.pom
[INFO] Downloading from jitpack.io: https://jitpack.io/org/apache/httpcomponents/httpcomponents-client/4.5.10/httpcomponents-client-4.5.10.pom
[INFO] Downloading from mcmmo-repo: https://nexus.neetgames.com/repository/maven-public/org/apache/httpcomponents/httpcomponents-client/4.5.10/httpcomponents-client-4.5.10.pom
[INFO] Downloaded from mcmmo-repo: https://nexus.neetgames.com/repository/maven-public/org/apache/httpcomponents/httpcomponents-client/4.5.10/httpcomponents-client-4.5.10.pom (16 kB at 86 kB/s)
[INFO] Downloading from spigot-repo: https://hub.spigotmc.org/nexus/content/repositories/snapshots/org/apache/httpcomponents/httpcomponents-parent/11/httpcomponents-parent-11.pom
[INFO] Downloading from jitpack.io: https://jitpack.io/org/apache/httpcomponents/httpcomponents-parent/11/httpcomponents-parent-11.pom
[INFO] Downloading from mcmmo-repo: https://nexus.neetgames.com/repository/maven-public/org/apache/httpcomponents/httpcomponents-parent/11/httpcomponents-parent-11.pom
[INFO] Downloaded from mcmmo-repo: https://nexus.neetgames.com/repository/maven-public/org/apache/httpcomponents/httpcomponents-parent/11/httpcomponents-parent-11.pom (35 kB at 183 kB/s)
[INFO] Downloading from spigot-repo: https://hub.spigotmc.org/nexus/content/repositories/snapshots/org/apache/apache/21/apache-21.pom
[INFO] Downloading from jitpack.io: https://jitpack.io/org/apache/apache/21/apache-21.pom
[INFO] Downloading from mcmmo-repo: https://nexus.neetgames.com/repository/maven-public/org/apache/apache/21/apache-21.pom
[INFO] Downloaded from mcmmo-repo: https://nexus.neetgames.com/repository/maven-public/org/apache/apache/21/apache-21.pom (17 kB at 134 kB/s)
[INFO] Downloading from spigot-repo: https://hub.spigotmc.org/nexus/content/repositories/snapshots/org/apache/httpcomponents/httpcore/4.4.12/httpcore-4.4.12.pom
[INFO] Downloading from jitpack.io: https://jitpack.io/org/apache/httpcomponents/httpcore/4.4.12/httpcore-4.4.12.pom
[INFO] Downloading from mcmmo-repo: https://nexus.neetgames.com/repository/maven-public/org/apache/httpcomponents/httpcore/4.4.12/httpcore-4.4.12.pom
[INFO] Downloaded from mcmmo-repo: https://nexus.neetgames.com/repository/maven-public/org/apache/httpcomponents/httpcore/4.4.12/httpcore-4.4.12.pom (5.0 kB at 39 kB/s)
[INFO] Downloading from spigot-repo: https://hub.spigotmc.org/nexus/content/repositories/snapshots/org/apache/httpcomponents/httpcomponents-core/4.4.12/httpcomponents-core-4.4.12.pom
[INFO] Downloading from jitpack.io: https://jitpack.io/org/apache/httpcomponents/httpcomponents-core/4.4.12/httpcomponents-core-4.4.12.pom
[INFO] Downloading from mcmmo-repo: https://nexus.neetgames.com/repository/maven-public/org/apache/httpcomponents/httpcomponents-core/4.4.12/httpcomponents-core-4.4.12.pom
[INFO] Downloaded from mcmmo-repo: https://nexus.neetgames.com/repository/maven-public/org/apache/httpcomponents/httpcomponents-core/4.4.12/httpcomponents-core-4.4.12.pom (13 kB at 101 kB/s)
[INFO] Downloading from spigot-repo: https://hub.spigotmc.org/nexus/content/repositories/snapshots/commons-codec/commons-codec/1.11/commons-codec-1.11.pom
[INFO] Downloading from jitpack.io: https://jitpack.io/commons-codec/commons-codec/1.11/commons-codec-1.11.pom
[INFO] Downloading from mcmmo-repo: https://nexus.neetgames.com/repository/maven-public/commons-codec/commons-codec/1.11/commons-codec-1.11.pom
[INFO] Downloaded from mcmmo-repo: https://nexus.neetgames.com/repository/maven-public/commons-codec/commons-codec/1.11/commons-codec-1.11.pom (14 kB at 109 kB/s)
[INFO] Downloading from spigot-repo: https://hub.spigotmc.org/nexus/content/repositories/snapshots/org/apache/commons/commons-parent/42/commons-parent-42.pom
[INFO] Downloading from jitpack.io: https://jitpack.io/org/apache/commons/commons-parent/42/commons-parent-42.pom
[INFO] Downloading from mcmmo-repo: https://nexus.neetgames.com/repository/maven-public/org/apache/commons/commons-parent/42/commons-parent-42.pom
[INFO] Downloaded from mcmmo-repo: https://nexus.neetgames.com/repository/maven-public/org/apache/commons/commons-parent/42/commons-parent-42.pom (68 kB at 272 kB/s)
[INFO] Downloading from spigot-repo: https://hub.spigotmc.org/nexus/content/repositories/snapshots/org/apache/apache/18/apache-18.pom
[INFO] Downloading from jitpack.io: https://jitpack.io/org/apache/apache/18/apache-18.pom
[INFO] Downloading from mcmmo-repo: https://nexus.neetgames.com/repository/maven-public/org/apache/apache/18/apache-18.pom
[INFO] Downloaded from mcmmo-repo: https://nexus.neetgames.com/repository/maven-public/org/apache/apache/18/apache-18.pom (16 kB at 123 kB/s)
[INFO] Downloading from spigot-repo: https://hub.spigotmc.org/nexus/content/repositories/snapshots/org/slf4j/jcl-over-slf4j/1.7.28/jcl-over-slf4j-1.7.28.pom
[INFO] Downloading from jitpack.io: https://jitpack.io/org/slf4j/jcl-over-slf4j/1.7.28/jcl-over-slf4j-1.7.28.pom
[INFO] Downloading from mcmmo-repo: https://nexus.neetgames.com/repository/maven-public/org/slf4j/jcl-over-slf4j/1.7.28/jcl-over-slf4j-1.7.28.pom
[INFO] Downloaded from mcmmo-repo: https://nexus.neetgames.com/repository/maven-public/org/slf4j/jcl-over-slf4j/1.7.28/jcl-over-slf4j-1.7.28.pom (964 B at 7.5 kB/s)
[INFO] Downloading from spigot-repo: https://hub.spigotmc.org/nexus/content/repositories/snapshots/org/slf4j/slf4j-parent/1.7.28/slf4j-parent-1.7.28.pom
[INFO] Downloading from jitpack.io: https://jitpack.io/org/slf4j/slf4j-parent/1.7.28/slf4j-parent-1.7.28.pom
[INFO] Downloading from mcmmo-repo: https://nexus.neetgames.com/repository/maven-public/org/slf4j/slf4j-parent/1.7.28/slf4j-parent-1.7.28.pom
[INFO] Downloaded from mcmmo-repo: https://nexus.neetgames.com/repository/maven-public/org/slf4j/slf4j-parent/1.7.28/slf4j-parent-1.7.28.pom (14 kB at 108 kB/s)
[INFO] Downloading from spigot-repo: https://hub.spigotmc.org/nexus/content/repositories/snapshots/org/slf4j/slf4j-api/1.7.28/slf4j-api-1.7.28.pom
[INFO] Downloading from jitpack.io: https://jitpack.io/org/slf4j/slf4j-api/1.7.28/slf4j-api-1.7.28.pom
[INFO] Downloading from mcmmo-repo: https://nexus.neetgames.com/repository/maven-public/org/slf4j/slf4j-api/1.7.28/slf4j-api-1.7.28.pom
[INFO] Downloaded from mcmmo-repo: https://nexus.neetgames.com/repository/maven-public/org/slf4j/slf4j-api/1.7.28/slf4j-api-1.7.28.pom (3.8 kB at 30 kB/s)
[INFO] Downloading from spigot-repo: https://hub.spigotmc.org/nexus/content/repositories/snapshots/net/java/truevfs/truevfs-driver-odf/0.12.1/truevfs-driver-odf-0.12.1.pom
[INFO] Downloading from jitpack.io: https://jitpack.io/net/java/truevfs/truevfs-driver-odf/0.12.1/truevfs-driver-odf-0.12.1.pom
[INFO] Downloading from mcmmo-repo: https://nexus.neetgames.com/repository/maven-public/net/java/truevfs/truevfs-driver-odf/0.12.1/truevfs-driver-odf-0.12.1.pom
[INFO] Downloaded from mcmmo-repo: https://nexus.neetgames.com/repository/maven-public/net/java/truevfs/truevfs-driver-odf/0.12.1/truevfs-driver-odf-0.12.1.pom (2.3 kB at 18 kB/s)
[INFO] Downloading from spigot-repo: https://hub.spigotmc.org/nexus/content/repositories/snapshots/net/java/truevfs/truevfs-comp-zipdriver/0.12.1/truevfs-comp-zipdriver-0.12.1.pom
[INFO] Downloading from jitpack.io: https://jitpack.io/net/java/truevfs/truevfs-comp-zipdriver/0.12.1/truevfs-comp-zipdriver-0.12.1.pom
[INFO] Downloading from mcmmo-repo: https://nexus.neetgames.com/repository/maven-public/net/java/truevfs/truevfs-comp-zipdriver/0.12.1/truevfs-comp-zipdriver-0.12.1.pom
[INFO] Downloaded from mcmmo-repo: https://nexus.neetgames.com/repository/maven-public/net/java/truevfs/truevfs-comp-zipdriver/0.12.1/truevfs-comp-zipdriver-0.12.1.pom (2.3 kB at 18 kB/s)
[INFO] Downloading from spigot-repo: https://hub.spigotmc.org/nexus/content/repositories/snapshots/net/java/truevfs/truevfs-comp-zip/0.12.1/truevfs-comp-zip-0.12.1.pom
[INFO] Downloading from jitpack.io: https://jitpack.io/net/java/truevfs/truevfs-comp-zip/0.12.1/truevfs-comp-zip-0.12.1.pom
[INFO] Downloading from mcmmo-repo: https://nexus.neetgames.com/repository/maven-public/net/java/truevfs/truevfs-comp-zip/0.12.1/truevfs-comp-zip-0.12.1.pom
[INFO] Downloaded from mcmmo-repo: https://nexus.neetgames.com/repository/maven-public/net/java/truevfs/truevfs-comp-zip/0.12.1/truevfs-comp-zip-0.12.1.pom (4.4 kB at 34 kB/s)
[INFO] Downloading from spigot-repo: https://hub.spigotmc.org/nexus/content/repositories/snapshots/org/bouncycastle/bcprov-jdk15on/1.63/bcprov-jdk15on-1.63.pom
[INFO] Downloading from jitpack.io: https://jitpack.io/org/bouncycastle/bcprov-jdk15on/1.63/bcprov-jdk15on-1.63.pom
[INFO] Downloading from mcmmo-repo: https://nexus.neetgames.com/repository/maven-public/org/bouncycastle/bcprov-jdk15on/1.63/bcprov-jdk15on-1.63.pom
[INFO] Downloaded from mcmmo-repo: https://nexus.neetgames.com/repository/maven-public/org/bouncycastle/bcprov-jdk15on/1.63/bcprov-jdk15on-1.63.pom (1.1 kB at 8.9 kB/s)
[INFO] Downloading from spigot-repo: https://hub.spigotmc.org/nexus/content/repositories/snapshots/org/apache/commons/commons-compress/1.19/commons-compress-1.19.pom
[INFO] Downloading from jitpack.io: https://jitpack.io/org/apache/commons/commons-compress/1.19/commons-compress-1.19.pom
[INFO] Downloading from mcmmo-repo: https://nexus.neetgames.com/repository/maven-public/org/apache/commons/commons-compress/1.19/commons-compress-1.19.pom
[INFO] Downloaded from mcmmo-repo: https://nexus.neetgames.com/repository/maven-public/org/apache/commons/commons-compress/1.19/commons-compress-1.19.pom (18 kB at 97 kB/s)
[INFO] Downloading from spigot-repo: https://hub.spigotmc.org/nexus/content/repositories/snapshots/org/apache/commons/commons-parent/48/commons-parent-48.pom
[INFO] Downloading from jitpack.io: https://jitpack.io/org/apache/commons/commons-parent/48/commons-parent-48.pom
[INFO] Downloading from mcmmo-repo: https://nexus.neetgames.com/repository/maven-public/org/apache/commons/commons-parent/48/commons-parent-48.pom
[INFO] Downloaded from mcmmo-repo: https://nexus.neetgames.com/repository/maven-public/org/apache/commons/commons-parent/48/commons-parent-48.pom (72 kB at 287 kB/s)
[INFO] Downloading from spigot-repo: https://hub.spigotmc.org/nexus/content/repositories/snapshots/net/java/truecommons/truecommons-key-spec/2.5.0/truecommons-key-spec-2.5.0.pom
[INFO] Downloading from jitpack.io: https://jitpack.io/net/java/truecommons/truecommons-key-spec/2.5.0/truecommons-key-spec-2.5.0.pom
[INFO] Downloading from mcmmo-repo: https://nexus.neetgames.com/repository/maven-public/net/java/truecommons/truecommons-key-spec/2.5.0/truecommons-key-spec-2.5.0.pom
[INFO] Downloaded from mcmmo-repo: https://nexus.neetgames.com/repository/maven-public/net/java/truecommons/truecommons-key-spec/2.5.0/truecommons-key-spec-2.5.0.pom (2.2 kB at 17 kB/s)
[INFO] Downloading from spigot-repo: https://hub.spigotmc.org/nexus/content/repositories/snapshots/net/java/truecommons/truecommons-key/2.5.0/truecommons-key-2.5.0.pom
[INFO] Downloading from jitpack.io: https://jitpack.io/net/java/truecommons/truecommons-key/2.5.0/truecommons-key-2.5.0.pom
[INFO] Downloading from mcmmo-repo: https://nexus.neetgames.com/repository/maven-public/net/java/truecommons/truecommons-key/2.5.0/truecommons-key-2.5.0.pom
[INFO] Downloaded from mcmmo-repo: https://nexus.neetgames.com/repository/maven-public/net/java/truecommons/truecommons-key/2.5.0/truecommons-key-2.5.0.pom (2.1 kB at 17 kB/s)
[INFO] Downloading from spigot-repo: https://hub.spigotmc.org/nexus/content/repositories/snapshots/net/java/truevfs/truevfs-driver-tar/0.12.1/truevfs-driver-tar-0.12.1.pom
[INFO] Downloading from jitpack.io: https://jitpack.io/net/java/truevfs/truevfs-driver-tar/0.12.1/truevfs-driver-tar-0.12.1.pom
[INFO] Downloading from mcmmo-repo: https://nexus.neetgames.com/repository/maven-public/net/java/truevfs/truevfs-driver-tar/0.12.1/truevfs-driver-tar-0.12.1.pom
[INFO] Downloaded from mcmmo-repo: https://nexus.neetgames.com/repository/maven-public/net/java/truevfs/truevfs-driver-tar/0.12.1/truevfs-driver-tar-0.12.1.pom (2.3 kB at 18 kB/s)
[INFO] Downloading from spigot-repo: https://hub.spigotmc.org/nexus/content/repositories/snapshots/net/java/truevfs/truevfs-comp-tardriver/0.12.1/truevfs-comp-tardriver-0.12.1.pom
[INFO] Downloading from jitpack.io: https://jitpack.io/net/java/truevfs/truevfs-comp-tardriver/0.12.1/truevfs-comp-tardriver-0.12.1.pom
[INFO] Downloading from mcmmo-repo: https://nexus.neetgames.com/repository/maven-public/net/java/truevfs/truevfs-comp-tardriver/0.12.1/truevfs-comp-tardriver-0.12.1.pom
[INFO] Downloaded from mcmmo-repo: https://nexus.neetgames.com/repository/maven-public/net/java/truevfs/truevfs-comp-tardriver/0.12.1/truevfs-comp-tardriver-0.12.1.pom (2.3 kB at 18 kB/s)
[INFO] Downloading from spigot-repo: https://hub.spigotmc.org/nexus/content/repositories/snapshots/net/java/truevfs/truevfs-driver-tar-bzip2/0.12.1/truevfs-driver-tar-bzip2-0.12.1.pom
[INFO] Downloading from jitpack.io: https://jitpack.io/net/java/truevfs/truevfs-driver-tar-bzip2/0.12.1/truevfs-driver-tar-bzip2-0.12.1.pom
[INFO] Downloading from mcmmo-repo: https://nexus.neetgames.com/repository/maven-public/net/java/truevfs/truevfs-driver-tar-bzip2/0.12.1/truevfs-driver-tar-bzip2-0.12.1.pom
[INFO] Downloaded from mcmmo-repo: https://nexus.neetgames.com/repository/maven-public/net/java/truevfs/truevfs-driver-tar-bzip2/0.12.1/truevfs-driver-tar-bzip2-0.12.1.pom (2.3 kB at 18 kB/s)
[INFO] Downloading from spigot-repo: https://hub.spigotmc.org/nexus/content/repositories/snapshots/net/java/truevfs/truevfs-driver-tar-gzip/0.12.1/truevfs-driver-tar-gzip-0.12.1.pom
[INFO] Downloading from jitpack.io: https://jitpack.io/net/java/truevfs/truevfs-driver-tar-gzip/0.12.1/truevfs-driver-tar-gzip-0.12.1.pom
[INFO] Downloading from mcmmo-repo: https://nexus.neetgames.com/repository/maven-public/net/java/truevfs/truevfs-driver-tar-gzip/0.12.1/truevfs-driver-tar-gzip-0.12.1.pom
[INFO] Downloaded from mcmmo-repo: https://nexus.neetgames.com/repository/maven-public/net/java/truevfs/truevfs-driver-tar-gzip/0.12.1/truevfs-driver-tar-gzip-0.12.1.pom (2.3 kB at 18 kB/s)
[INFO] Downloading from spigot-repo: https://hub.spigotmc.org/nexus/content/repositories/snapshots/net/java/truevfs/truevfs-driver-tar-xz/0.12.1/truevfs-driver-tar-xz-0.12.1.pom
[INFO] Downloading from jitpack.io: https://jitpack.io/net/java/truevfs/truevfs-driver-tar-xz/0.12.1/truevfs-driver-tar-xz-0.12.1.pom
[INFO] Downloading from mcmmo-repo: https://nexus.neetgames.com/repository/maven-public/net/java/truevfs/truevfs-driver-tar-xz/0.12.1/truevfs-driver-tar-xz-0.12.1.pom
[INFO] Downloaded from mcmmo-repo: https://nexus.neetgames.com/repository/maven-public/net/java/truevfs/truevfs-driver-tar-xz/0.12.1/truevfs-driver-tar-xz-0.12.1.pom (2.5 kB at 20 kB/s)
[INFO] Downloading from spigot-repo: https://hub.spigotmc.org/nexus/content/repositories/snapshots/org/tukaani/xz/1.8/xz-1.8.pom
[INFO] Downloading from jitpack.io: https://jitpack.io/org/tukaani/xz/1.8/xz-1.8.pom
[INFO] Downloading from mcmmo-repo: https://nexus.neetgames.com/repository/maven-public/org/tukaani/xz/1.8/xz-1.8.pom
[INFO] Downloaded from mcmmo-repo: https://nexus.neetgames.com/repository/maven-public/org/tukaani/xz/1.8/xz-1.8.pom (1.9 kB at 15 kB/s)
[INFO] Downloading from spigot-repo: https://hub.spigotmc.org/nexus/content/repositories/snapshots/net/java/truevfs/truevfs-driver-zip-raes/0.12.1/truevfs-driver-zip-raes-0.12.1.pom
[INFO] Downloading from jitpack.io: https://jitpack.io/net/java/truevfs/truevfs-driver-zip-raes/0.12.1/truevfs-driver-zip-raes-0.12.1.pom
[INFO] Downloading from mcmmo-repo: https://nexus.neetgames.com/repository/maven-public/net/java/truevfs/truevfs-driver-zip-raes/0.12.1/truevfs-driver-zip-raes-0.12.1.pom
[INFO] Downloaded from mcmmo-repo: https://nexus.neetgames.com/repository/maven-public/net/java/truevfs/truevfs-driver-zip-raes/0.12.1/truevfs-driver-zip-raes-0.12.1.pom (2.4 kB at 18 kB/s)
[INFO] Downloading from spigot-repo: https://hub.spigotmc.org/nexus/content/repositories/snapshots/net/java/truevfs/truevfs-profile-base_2.13/0.12.1/truevfs-profile-base_2.13-0.12.1.pom
[INFO] Downloading from jitpack.io: https://jitpack.io/net/java/truevfs/truevfs-profile-base_2.13/0.12.1/truevfs-profile-base_2.13-0.12.1.pom
[INFO] Downloading from mcmmo-repo: https://nexus.neetgames.com/repository/maven-public/net/java/truevfs/truevfs-profile-base_2.13/0.12.1/truevfs-profile-base_2.13-0.12.1.pom
[INFO] Downloaded from mcmmo-repo: https://nexus.neetgames.com/repository/maven-public/net/java/truevfs/truevfs-profile-base_2.13/0.12.1/truevfs-profile-base_2.13-0.12.1.pom (3.7 kB at 29 kB/s)
[INFO] Downloading from spigot-repo: https://hub.spigotmc.org/nexus/content/repositories/snapshots/net/java/truevfs/truevfs-access-swing/0.12.1/truevfs-access-swing-0.12.1.pom
[INFO] Downloading from jitpack.io: https://jitpack.io/net/java/truevfs/truevfs-access-swing/0.12.1/truevfs-access-swing-0.12.1.pom
[INFO] Downloading from mcmmo-repo: https://nexus.neetgames.com/repository/maven-public/net/java/truevfs/truevfs-access-swing/0.12.1/truevfs-access-swing-0.12.1.pom
[INFO] Downloaded from mcmmo-repo: https://nexus.neetgames.com/repository/maven-public/net/java/truevfs/truevfs-access-swing/0.12.1/truevfs-access-swing-0.12.1.pom (2.2 kB at 17 kB/s)
[INFO] Downloading from spigot-repo: https://hub.spigotmc.org/nexus/content/repositories/snapshots/net/java/truevfs/truevfs-access/0.12.1/truevfs-access-0.12.1.pom
[INFO] Downloading from jitpack.io: https://jitpack.io/net/java/truevfs/truevfs-access/0.12.1/truevfs-access-0.12.1.pom
[INFO] Downloading from mcmmo-repo: https://nexus.neetgames.com/repository/maven-public/net/java/truevfs/truevfs-access/0.12.1/truevfs-access-0.12.1.pom
[INFO] Downloaded from mcmmo-repo: https://nexus.neetgames.com/repository/maven-public/net/java/truevfs/truevfs-access/0.12.1/truevfs-access-0.12.1.pom (3.4 kB at 27 kB/s)
[INFO] Downloading from spigot-repo: https://hub.spigotmc.org/nexus/content/repositories/snapshots/net/java/truevfs/truevfs-driver-file/0.12.1/truevfs-driver-file-0.12.1.pom
[INFO] Downloading from jitpack.io: https://jitpack.io/net/java/truevfs/truevfs-driver-file/0.12.1/truevfs-driver-file-0.12.1.pom
[INFO] Downloading from mcmmo-repo: https://nexus.neetgames.com/repository/maven-public/net/java/truevfs/truevfs-driver-file/0.12.1/truevfs-driver-file-0.12.1.pom
[INFO] Downloaded from mcmmo-repo: https://nexus.neetgames.com/repository/maven-public/net/java/truevfs/truevfs-driver-file/0.12.1/truevfs-driver-file-0.12.1.pom (2.5 kB at 20 kB/s)
[INFO] Downloading from spigot-repo: https://hub.spigotmc.org/nexus/content/repositories/snapshots/net/java/truevfs/truevfs-driver-jar/0.12.1/truevfs-driver-jar-0.12.1.pom
[INFO] Downloading from jitpack.io: https://jitpack.io/net/java/truevfs/truevfs-driver-jar/0.12.1/truevfs-driver-jar-0.12.1.pom
[INFO] Downloading from mcmmo-repo: https://nexus.neetgames.com/repository/maven-public/net/java/truevfs/truevfs-driver-jar/0.12.1/truevfs-driver-jar-0.12.1.pom
[INFO] Downloaded from mcmmo-repo: https://nexus.neetgames.com/repository/maven-public/net/java/truevfs/truevfs-driver-jar/0.12.1/truevfs-driver-jar-0.12.1.pom (2.3 kB at 18 kB/s)
[INFO] Downloading from spigot-repo: https://hub.spigotmc.org/nexus/content/repositories/snapshots/net/java/truevfs/truevfs-driver-zip/0.12.1/truevfs-driver-zip-0.12.1.pom
[INFO] Downloading from jitpack.io: https://jitpack.io/net/java/truevfs/truevfs-driver-zip/0.12.1/truevfs-driver-zip-0.12.1.pom
[INFO] Downloading from mcmmo-repo: https://nexus.neetgames.com/repository/maven-public/net/java/truevfs/truevfs-driver-zip/0.12.1/truevfs-driver-zip-0.12.1.pom
[INFO] Downloaded from mcmmo-repo: https://nexus.neetgames.com/repository/maven-public/net/java/truevfs/truevfs-driver-zip/0.12.1/truevfs-driver-zip-0.12.1.pom (2.5 kB at 20 kB/s)
[INFO] Downloading from spigot-repo: https://hub.spigotmc.org/nexus/content/repositories/snapshots/net/java/truevfs/truevfs-comp-ibm437/0.12.1/truevfs-comp-ibm437-0.12.1.pom
[INFO] Downloading from jitpack.io: https://jitpack.io/net/java/truevfs/truevfs-comp-ibm437/0.12.1/truevfs-comp-ibm437-0.12.1.pom
[INFO] Downloading from mcmmo-repo: https://nexus.neetgames.com/repository/maven-public/net/java/truevfs/truevfs-comp-ibm437/0.12.1/truevfs-comp-ibm437-0.12.1.pom
[INFO] Downloaded from mcmmo-repo: https://nexus.neetgames.com/repository/maven-public/net/java/truevfs/truevfs-comp-ibm437/0.12.1/truevfs-comp-ibm437-0.12.1.pom (2.9 kB at 23 kB/s)
[INFO] Downloading from spigot-repo: https://hub.spigotmc.org/nexus/content/repositories/snapshots/net/java/truevfs/truevfs-kernel-impl_2.13/0.12.1/truevfs-kernel-impl_2.13-0.12.1.pom
[INFO] Downloading from jitpack.io: https://jitpack.io/net/java/truevfs/truevfs-kernel-impl_2.13/0.12.1/truevfs-kernel-impl_2.13-0.12.1.pom
[INFO] Downloading from mcmmo-repo: https://nexus.neetgames.com/repository/maven-public/net/java/truevfs/truevfs-kernel-impl_2.13/0.12.1/truevfs-kernel-impl_2.13-0.12.1.pom
[INFO] Downloaded from mcmmo-repo: https://nexus.neetgames.com/repository/maven-public/net/java/truevfs/truevfs-kernel-impl_2.13/0.12.1/truevfs-kernel-impl_2.13-0.12.1.pom (3.8 kB at 29 kB/s)
[INFO] Downloading from spigot-repo: https://hub.spigotmc.org/nexus/content/repositories/snapshots/net/java/truecommons/truecommons-key-console/2.5.0/truecommons-key-console-2.5.0.pom
[INFO] Downloading from jitpack.io: https://jitpack.io/net/java/truecommons/truecommons-key-console/2.5.0/truecommons-key-console-2.5.0.pom
[INFO] Downloading from mcmmo-repo: https://nexus.neetgames.com/repository/maven-public/net/java/truecommons/truecommons-key-console/2.5.0/truecommons-key-console-2.5.0.pom
[INFO] Downloaded from mcmmo-repo: https://nexus.neetgames.com/repository/maven-public/net/java/truecommons/truecommons-key-console/2.5.0/truecommons-key-console-2.5.0.pom (1.2 kB at 9.2 kB/s)
[INFO] Downloading from spigot-repo: https://hub.spigotmc.org/nexus/content/repositories/snapshots/net/java/truecommons/truecommons-key-default/2.5.0/truecommons-key-default-2.5.0.pom
[INFO] Downloading from jitpack.io: https://jitpack.io/net/java/truecommons/truecommons-key-default/2.5.0/truecommons-key-default-2.5.0.pom
[INFO] Downloading from mcmmo-repo: https://nexus.neetgames.com/repository/maven-public/net/java/truecommons/truecommons-key-default/2.5.0/truecommons-key-default-2.5.0.pom
[INFO] Downloaded from mcmmo-repo: https://nexus.neetgames.com/repository/maven-public/net/java/truecommons/truecommons-key-default/2.5.0/truecommons-key-default-2.5.0.pom (1.3 kB at 9.8 kB/s)
[INFO] Downloading from spigot-repo: https://hub.spigotmc.org/nexus/content/repositories/snapshots/net/java/truecommons/truecommons-key-swing/2.5.0/truecommons-key-swing-2.5.0.pom
[INFO] Downloading from jitpack.io: https://jitpack.io/net/java/truecommons/truecommons-key-swing/2.5.0/truecommons-key-swing-2.5.0.pom
[INFO] Downloading from mcmmo-repo: https://nexus.neetgames.com/repository/maven-public/net/java/truecommons/truecommons-key-swing/2.5.0/truecommons-key-swing-2.5.0.pom
[INFO] Downloaded from mcmmo-repo: https://nexus.neetgames.com/repository/maven-public/net/java/truecommons/truecommons-key-swing/2.5.0/truecommons-key-swing-2.5.0.pom (1.7 kB at 13 kB/s)
[INFO] Downloading from spigot-repo: https://hub.spigotmc.org/nexus/content/repositories/snapshots/net/java/truecommons/truecommons-key-macosx/2.5.0/truecommons-key-macosx-2.5.0.pom
[INFO] Downloading from jitpack.io: https://jitpack.io/net/java/truecommons/truecommons-key-macosx/2.5.0/truecommons-key-macosx-2.5.0.pom
[INFO] Downloading from mcmmo-repo: https://nexus.neetgames.com/repository/maven-public/net/java/truecommons/truecommons-key-macosx/2.5.0/truecommons-key-macosx-2.5.0.pom
[INFO] Downloaded from mcmmo-repo: https://nexus.neetgames.com/repository/maven-public/net/java/truecommons/truecommons-key-macosx/2.5.0/truecommons-key-macosx-2.5.0.pom (2.4 kB at 19 kB/s)
[INFO] Downloading from spigot-repo: https://hub.spigotmc.org/nexus/content/repositories/snapshots/net/java/dev/jna/jna/4.1.0/jna-4.1.0.pom
[INFO] Downloading from jitpack.io: https://jitpack.io/net/java/dev/jna/jna/4.1.0/jna-4.1.0.pom
[INFO] Downloading from mcmmo-repo: https://nexus.neetgames.com/repository/maven-public/net/java/dev/jna/jna/4.1.0/jna-4.1.0.pom
[INFO] Downloaded from mcmmo-repo: https://nexus.neetgames.com/repository/maven-public/net/java/dev/jna/jna/4.1.0/jna-4.1.0.pom (1.3 kB at 10.0 kB/s)
[INFO] Downloading from spigot-repo: https://hub.spigotmc.org/nexus/content/repositories/snapshots/org/mozilla/rhino-runtime/1.7.12/rhino-runtime-1.7.12.pom
[INFO] Downloading from jitpack.io: https://jitpack.io/org/mozilla/rhino-runtime/1.7.12/rhino-runtime-1.7.12.pom
[INFO] Downloading from mcmmo-repo: https://nexus.neetgames.com/repository/maven-public/org/mozilla/rhino-runtime/1.7.12/rhino-runtime-1.7.12.pom
[INFO] Downloaded from mcmmo-repo: https://nexus.neetgames.com/repository/maven-public/org/mozilla/rhino-runtime/1.7.12/rhino-runtime-1.7.12.pom (1.3 kB at 10 kB/s)
[INFO] Downloading from spigot-repo: https://hub.spigotmc.org/nexus/content/repositories/snapshots/org/yaml/snakeyaml/1.9/snakeyaml-1.9.pom
[INFO] Downloading from jitpack.io: https://jitpack.io/org/yaml/snakeyaml/1.9/snakeyaml-1.9.pom
[INFO] Downloading from mcmmo-repo: https://nexus.neetgames.com/repository/maven-public/org/yaml/snakeyaml/1.9/snakeyaml-1.9.pom
[INFO] Downloaded from mcmmo-repo: https://nexus.neetgames.com/repository/maven-public/org/yaml/snakeyaml/1.9/snakeyaml-1.9.pom (14 kB at 73 kB/s)
[INFO] Downloading from spigot-repo: https://hub.spigotmc.org/nexus/content/repositories/snapshots/org/slf4j/slf4j-api/1.7.26/slf4j-api-1.7.26.pom
[INFO] Downloading from jitpack.io: https://jitpack.io/org/slf4j/slf4j-api/1.7.26/slf4j-api-1.7.26.pom
[INFO] Downloading from mcmmo-repo: https://nexus.neetgames.com/repository/maven-public/org/slf4j/slf4j-api/1.7.26/slf4j-api-1.7.26.pom
[INFO] Downloaded from mcmmo-repo: https://nexus.neetgames.com/repository/maven-public/org/slf4j/slf4j-api/1.7.26/slf4j-api-1.7.26.pom (3.8 kB at 30 kB/s)
[INFO] Downloading from spigot-repo: https://hub.spigotmc.org/nexus/content/repositories/snapshots/org/slf4j/slf4j-parent/1.7.26/slf4j-parent-1.7.26.pom
[INFO] Downloading from jitpack.io: https://jitpack.io/org/slf4j/slf4j-parent/1.7.26/slf4j-parent-1.7.26.pom
[INFO] Downloading from mcmmo-repo: https://nexus.neetgames.com/repository/maven-public/org/slf4j/slf4j-parent/1.7.26/slf4j-parent-1.7.26.pom
[INFO] Downloaded from mcmmo-repo: https://nexus.neetgames.com/repository/maven-public/org/slf4j/slf4j-parent/1.7.26/slf4j-parent-1.7.26.pom (14 kB at 107 kB/s)
[INFO] Downloading from spigot-repo: https://hub.spigotmc.org/nexus/content/repositories/snapshots/it/unimi/dsi/fastutil/8.2.1/fastutil-8.2.1.pom
[INFO] Downloading from jitpack.io: https://jitpack.io/it/unimi/dsi/fastutil/8.2.1/fastutil-8.2.1.pom
[INFO] Downloading from mcmmo-repo: https://nexus.neetgames.com/repository/maven-public/it/unimi/dsi/fastutil/8.2.1/fastutil-8.2.1.pom
[INFO] Downloaded from mcmmo-repo: https://nexus.neetgames.com/repository/maven-public/it/unimi/dsi/fastutil/8.2.1/fastutil-8.2.1.pom (1.4 kB at 11 kB/s)
[INFO] Downloading from spigot-repo: https://hub.spigotmc.org/nexus/content/repositories/snapshots/org/antlr/antlr4-runtime/4.7.2/antlr4-runtime-4.7.2.pom
[INFO] Downloading from jitpack.io: https://jitpack.io/org/antlr/antlr4-runtime/4.7.2/antlr4-runtime-4.7.2.pom
[INFO] Downloading from mcmmo-repo: https://nexus.neetgames.com/repository/maven-public/org/antlr/antlr4-runtime/4.7.2/antlr4-runtime-4.7.2.pom
[INFO] Downloaded from mcmmo-repo: https://nexus.neetgames.com/repository/maven-public/org/antlr/antlr4-runtime/4.7.2/antlr4-runtime-4.7.2.pom (3.6 kB at 17 kB/s)
[INFO] Downloading from spigot-repo: https://hub.spigotmc.org/nexus/content/repositories/snapshots/org/antlr/antlr4-master/4.7.2/antlr4-master-4.7.2.pom
[INFO] Downloading from jitpack.io: https://jitpack.io/org/antlr/antlr4-master/4.7.2/antlr4-master-4.7.2.pom
[INFO] Downloading from mcmmo-repo: https://nexus.neetgames.com/repository/maven-public/org/antlr/antlr4-master/4.7.2/antlr4-master-4.7.2.pom
[INFO] Downloaded from mcmmo-repo: https://nexus.neetgames.com/repository/maven-public/org/antlr/antlr4-master/4.7.2/antlr4-master-4.7.2.pom (4.4 kB at 41 kB/s)
[INFO] Downloading from spigot-repo: https://hub.spigotmc.org/nexus/content/repositories/snapshots/org/sonatype/oss/oss-parent/9/oss-parent-9.pom
[INFO] Downloading from jitpack.io: https://jitpack.io/org/sonatype/oss/oss-parent/9/oss-parent-9.pom
[INFO] Downloading from mcmmo-repo: https://nexus.neetgames.com/repository/maven-public/org/sonatype/oss/oss-parent/9/oss-parent-9.pom
[INFO] Downloaded from mcmmo-repo: https://nexus.neetgames.com/repository/maven-public/org/sonatype/oss/oss-parent/9/oss-parent-9.pom (6.6 kB at 61 kB/s)
[INFO] Downloading from spigot-repo: https://hub.spigotmc.org/nexus/content/repositories/snapshots/org/flywaydb/flyway-core/3.0/flyway-core-3.0.pom
[INFO] Downloading from jitpack.io: https://jitpack.io/org/flywaydb/flyway-core/3.0/flyway-core-3.0.pom
[INFO] Downloading from mcmmo-repo: https://nexus.neetgames.com/repository/maven-public/org/flywaydb/flyway-core/3.0/flyway-core-3.0.pom
[INFO] Downloaded from mcmmo-repo: https://nexus.neetgames.com/repository/maven-public/org/flywaydb/flyway-core/3.0/flyway-core-3.0.pom (9.8 kB at 92 kB/s)
[INFO] Downloading from spigot-repo: https://hub.spigotmc.org/nexus/content/repositories/snapshots/org/flywaydb/flyway-parent/3.0/flyway-parent-3.0.pom
[INFO] Downloading from jitpack.io: https://jitpack.io/org/flywaydb/flyway-parent/3.0/flyway-parent-3.0.pom
[INFO] Downloading from mcmmo-repo: https://nexus.neetgames.com/repository/maven-public/org/flywaydb/flyway-parent/3.0/flyway-parent-3.0.pom
[INFO] Downloaded from mcmmo-repo: https://nexus.neetgames.com/repository/maven-public/org/flywaydb/flyway-parent/3.0/flyway-parent-3.0.pom (25 kB at 155 kB/s)
[INFO] Downloading from spigot-repo: https://hub.spigotmc.org/nexus/content/repositories/snapshots/com/sk89q/worldguard/worldguard-legacy/7.0.0-SNAPSHOT/maven-metadata.xml
[INFO] Downloading from jitpack.io: https://jitpack.io/com/sk89q/worldguard/worldguard-legacy/7.0.0-SNAPSHOT/maven-metadata.xml
[INFO] Downloading from jeff-media-public: https://hub.jeff-media.com/nexus/repository/jeff-media-public/com/sk89q/worldguard/worldguard-legacy/7.0.0-SNAPSHOT/maven-metadata.xml
[INFO] Downloading from mcmmo-repo: https://nexus.neetgames.com/repository/maven-public/com/sk89q/worldguard/worldguard-legacy/7.0.0-SNAPSHOT/maven-metadata.xml
[INFO] Downloading from bg-repo: https://repo.bg-software.com/repository/api/com/sk89q/worldguard/worldguard-legacy/7.0.0-SNAPSHOT/maven-metadata.xml
[INFO] Downloading from rosewood-repo: https://repo.rosewooddev.io/repository/public/com/sk89q/worldguard/worldguard-legacy/7.0.0-SNAPSHOT/maven-metadata.xml
[INFO] Downloading from CodeMC: https://repo.codemc.org/repository/maven-public/com/sk89q/worldguard/worldguard-legacy/7.0.0-SNAPSHOT/maven-metadata.xml
[INFO] Downloading from sk89q-repo: https://maven.sk89q.com/repo/com/sk89q/worldguard/worldguard-legacy/7.0.0-SNAPSHOT/maven-metadata.xml
[INFO] Downloading from sonatype-oss: https://oss.sonatype.org/content/repositories/snapshots/com/sk89q/worldguard/worldguard-legacy/7.0.0-SNAPSHOT/maven-metadata.xml
[INFO] Downloading from aikar: https://repo.aikar.co/content/groups/aikar/com/sk89q/worldguard/worldguard-legacy/7.0.0-SNAPSHOT/maven-metadata.xml
[INFO] Downloaded from sk89q-repo: https://maven.sk89q.com/repo/com/sk89q/worldguard/worldguard-legacy/7.0.0-SNAPSHOT/maven-metadata.xml (1.2 kB at 9.1 kB/s)
[INFO] Downloaded from aikar: https://repo.aikar.co/content/groups/aikar/com/sk89q/worldguard/worldguard-legacy/7.0.0-SNAPSHOT/maven-metadata.xml (1.2 kB at 8.3 kB/s)
[WARNING] Could not transfer metadata com.sk89q.worldguard:worldguard-legacy:7.0.0-SNAPSHOT/maven-metadata.xml from/to rosewood-repo (https://repo.rosewooddev.io/repository/public/): transfer failed for https://repo.rosewooddev.io/repository/public/com/sk89q/worldguard/worldguard-legacy/7.0.0-SNAPSHOT/maven-metadata.xml, status: 522
[WARNING] com.sk89q.worldguard:worldguard-legacy:7.0.0-SNAPSHOT/maven-metadata.xmlfailed to transfer from https://repo.rosewooddev.io/repository/public/ during a previous attempt. This failure was cached in the local repository and resolution will not be reattempted until the update interval of rosewood-repo has elapsed or updates are forced. Original error: Could not transfer metadata com.sk89q.worldguard:worldguard-legacy:7.0.0-SNAPSHOT/maven-metadata.xml from/to rosewood-repo (https://repo.rosewooddev.io/repository/public/): transfer failed for https://repo.rosewooddev.io/repository/public/com/sk89q/worldguard/worldguard-legacy/7.0.0-SNAPSHOT/maven-metadata.xml, status: 522
[INFO] Downloading from spigot-repo: https://hub.spigotmc.org/nexus/content/repositories/snapshots/com/sk89q/worldguard/worldguard-legacy/7.0.0-SNAPSHOT/worldguard-legacy-7.0.0-20190612.004446-113.pom
[INFO] Downloading from jitpack.io: https://jitpack.io/com/sk89q/worldguard/worldguard-legacy/7.0.0-SNAPSHOT/worldguard-legacy-7.0.0-20190612.004446-113.pom
[INFO] Downloading from mcmmo-repo: https://nexus.neetgames.com/repository/maven-public/com/sk89q/worldguard/worldguard-legacy/7.0.0-SNAPSHOT/worldguard-legacy-7.0.0-20190612.004446-113.pom
[INFO] Downloading from jeff-media-public: https://hub.jeff-media.com/nexus/repository/jeff-media-public/com/sk89q/worldguard/worldguard-legacy/7.0.0-SNAPSHOT/worldguard-legacy-7.0.0-20190612.004446-113.pom
[INFO] Downloading from bg-repo: https://repo.bg-software.com/repository/api/com/sk89q/worldguard/worldguard-legacy/7.0.0-SNAPSHOT/worldguard-legacy-7.0.0-20190612.004446-113.pom
[INFO] Downloading from rosewood-repo: https://repo.rosewooddev.io/repository/public/com/sk89q/worldguard/worldguard-legacy/7.0.0-SNAPSHOT/worldguard-legacy-7.0.0-20190612.004446-113.pom
[INFO] Downloading from CodeMC: https://repo.codemc.org/repository/maven-public/com/sk89q/worldguard/worldguard-legacy/7.0.0-SNAPSHOT/worldguard-legacy-7.0.0-20190612.004446-113.pom
[INFO] Downloading from sk89q-repo: https://maven.sk89q.com/repo/com/sk89q/worldguard/worldguard-legacy/7.0.0-SNAPSHOT/worldguard-legacy-7.0.0-20190612.004446-113.pom
[INFO] Downloaded from sk89q-repo: https://maven.sk89q.com/repo/com/sk89q/worldguard/worldguard-legacy/7.0.0-SNAPSHOT/worldguard-legacy-7.0.0-20190612.004446-113.pom (2.1 kB at 16 kB/s)
[INFO] Downloading from spigot-repo: https://hub.spigotmc.org/nexus/content/repositories/snapshots/com/sk89q/worldedit/worldedit-bukkit/7.0.0-SNAPSHOT/maven-metadata.xml
[INFO] Downloading from jitpack.io: https://jitpack.io/com/sk89q/worldedit/worldedit-bukkit/7.0.0-SNAPSHOT/maven-metadata.xml
[INFO] Downloading from mcmmo-repo: https://nexus.neetgames.com/repository/maven-public/com/sk89q/worldedit/worldedit-bukkit/7.0.0-SNAPSHOT/maven-metadata.xml
[INFO] Downloading from jeff-media-public: https://hub.jeff-media.com/nexus/repository/jeff-media-public/com/sk89q/worldedit/worldedit-bukkit/7.0.0-SNAPSHOT/maven-metadata.xml
[INFO] Downloading from bg-repo: https://repo.bg-software.com/repository/api/com/sk89q/worldedit/worldedit-bukkit/7.0.0-SNAPSHOT/maven-metadata.xml
[INFO] Downloading from rosewood-repo: https://repo.rosewooddev.io/repository/public/com/sk89q/worldedit/worldedit-bukkit/7.0.0-SNAPSHOT/maven-metadata.xml
[INFO] Downloading from CodeMC: https://repo.codemc.org/repository/maven-public/com/sk89q/worldedit/worldedit-bukkit/7.0.0-SNAPSHOT/maven-metadata.xml
[INFO] Downloading from sk89q-repo: https://maven.sk89q.com/repo/com/sk89q/worldedit/worldedit-bukkit/7.0.0-SNAPSHOT/maven-metadata.xml
[INFO] Downloading from sonatype-oss: https://oss.sonatype.org/content/repositories/snapshots/com/sk89q/worldedit/worldedit-bukkit/7.0.0-SNAPSHOT/maven-metadata.xml
[INFO] Downloading from aikar: https://repo.aikar.co/content/groups/aikar/com/sk89q/worldedit/worldedit-bukkit/7.0.0-SNAPSHOT/maven-metadata.xml
[INFO] Downloaded from sk89q-repo: https://maven.sk89q.com/repo/com/sk89q/worldedit/worldedit-bukkit/7.0.0-SNAPSHOT/maven-metadata.xml (1.2 kB at 10 kB/s)
[INFO] Downloaded from aikar: https://repo.aikar.co/content/groups/aikar/com/sk89q/worldedit/worldedit-bukkit/7.0.0-SNAPSHOT/maven-metadata.xml (1.2 kB at 2.9 kB/s)
[WARNING] Could not transfer metadata com.sk89q.worldedit:worldedit-bukkit:7.0.0-SNAPSHOT/maven-metadata.xml from/to rosewood-repo (https://repo.rosewooddev.io/repository/public/): transfer failed for https://repo.rosewooddev.io/repository/public/com/sk89q/worldedit/worldedit-bukkit/7.0.0-SNAPSHOT/maven-metadata.xml, status: 522
[WARNING] com.sk89q.worldedit:worldedit-bukkit:7.0.0-SNAPSHOT/maven-metadata.xmlfailed to transfer from https://repo.rosewooddev.io/repository/public/ during a previous attempt. This failure was cached in the local repository and resolution will not be reattempted until the update interval of rosewood-repo has elapsed or updates are forced. Original error: Could not transfer metadata com.sk89q.worldedit:worldedit-bukkit:7.0.0-SNAPSHOT/maven-metadata.xml from/to rosewood-repo (https://repo.rosewooddev.io/repository/public/): transfer failed for https://repo.rosewooddev.io/repository/public/com/sk89q/worldedit/worldedit-bukkit/7.0.0-SNAPSHOT/maven-metadata.xml, status: 522
[INFO] Downloading from spigot-repo: https://hub.spigotmc.org/nexus/content/repositories/snapshots/com/sk89q/worldedit/worldedit-bukkit/7.0.0-SNAPSHOT/worldedit-bukkit-7.0.0-20190611.111707-186.pom
[INFO] Downloading from jitpack.io: https://jitpack.io/com/sk89q/worldedit/worldedit-bukkit/7.0.0-SNAPSHOT/worldedit-bukkit-7.0.0-20190611.111707-186.pom
[INFO] Downloading from mcmmo-repo: https://nexus.neetgames.com/repository/maven-public/com/sk89q/worldedit/worldedit-bukkit/7.0.0-SNAPSHOT/worldedit-bukkit-7.0.0-20190611.111707-186.pom
[INFO] Downloading from jeff-media-public: https://hub.jeff-media.com/nexus/repository/jeff-media-public/com/sk89q/worldedit/worldedit-bukkit/7.0.0-SNAPSHOT/worldedit-bukkit-7.0.0-20190611.111707-186.pom
[INFO] Downloading from bg-repo: https://repo.bg-software.com/repository/api/com/sk89q/worldedit/worldedit-bukkit/7.0.0-SNAPSHOT/worldedit-bukkit-7.0.0-20190611.111707-186.pom
[INFO] Downloading from rosewood-repo: https://repo.rosewooddev.io/repository/public/com/sk89q/worldedit/worldedit-bukkit/7.0.0-SNAPSHOT/worldedit-bukkit-7.0.0-20190611.111707-186.pom
[INFO] Downloading from CodeMC: https://repo.codemc.org/repository/maven-public/com/sk89q/worldedit/worldedit-bukkit/7.0.0-SNAPSHOT/worldedit-bukkit-7.0.0-20190611.111707-186.pom
[INFO] Downloading from sk89q-repo: https://maven.sk89q.com/repo/com/sk89q/worldedit/worldedit-bukkit/7.0.0-SNAPSHOT/worldedit-bukkit-7.0.0-20190611.111707-186.pom
[INFO] Downloaded from sk89q-repo: https://maven.sk89q.com/repo/com/sk89q/worldedit/worldedit-bukkit/7.0.0-SNAPSHOT/worldedit-bukkit-7.0.0-20190611.111707-186.pom (1.7 kB at 9.0 kB/s)
[INFO] Downloading from spigot-repo: https://hub.spigotmc.org/nexus/content/repositories/snapshots/com/sk89q/worldedit/worldedit-core/7.0.0-SNAPSHOT/maven-metadata.xml
[INFO] Downloading from jitpack.io: https://jitpack.io/com/sk89q/worldedit/worldedit-core/7.0.0-SNAPSHOT/maven-metadata.xml
[INFO] Downloading from mcmmo-repo: https://nexus.neetgames.com/repository/maven-public/com/sk89q/worldedit/worldedit-core/7.0.0-SNAPSHOT/maven-metadata.xml
[INFO] Downloading from jeff-media-public: https://hub.jeff-media.com/nexus/repository/jeff-media-public/com/sk89q/worldedit/worldedit-core/7.0.0-SNAPSHOT/maven-metadata.xml
[INFO] Downloading from bg-repo: https://repo.bg-software.com/repository/api/com/sk89q/worldedit/worldedit-core/7.0.0-SNAPSHOT/maven-metadata.xml
[INFO] Downloading from rosewood-repo: https://repo.rosewooddev.io/repository/public/com/sk89q/worldedit/worldedit-core/7.0.0-SNAPSHOT/maven-metadata.xml
[INFO] Downloading from CodeMC: https://repo.codemc.org/repository/maven-public/com/sk89q/worldedit/worldedit-core/7.0.0-SNAPSHOT/maven-metadata.xml
[INFO] Downloading from sk89q-repo: https://maven.sk89q.com/repo/com/sk89q/worldedit/worldedit-core/7.0.0-SNAPSHOT/maven-metadata.xml
[INFO] Downloading from sonatype-oss: https://oss.sonatype.org/content/repositories/snapshots/com/sk89q/worldedit/worldedit-core/7.0.0-SNAPSHOT/maven-metadata.xml
[INFO] Downloaded from sk89q-repo: https://maven.sk89q.com/repo/com/sk89q/worldedit/worldedit-core/7.0.0-SNAPSHOT/maven-metadata.xml (1.2 kB at 13 kB/s)
[INFO] Downloading from aikar: https://repo.aikar.co/content/groups/aikar/com/sk89q/worldedit/worldedit-core/7.0.0-SNAPSHOT/maven-metadata.xml
[INFO] Downloaded from aikar: https://repo.aikar.co/content/groups/aikar/com/sk89q/worldedit/worldedit-core/7.0.0-SNAPSHOT/maven-metadata.xml (1.2 kB at 5.7 kB/s)
[WARNING] Could not transfer metadata com.sk89q.worldedit:worldedit-core:7.0.0-SNAPSHOT/maven-metadata.xml from/to rosewood-repo (https://repo.rosewooddev.io/repository/public/): transfer failed for https://repo.rosewooddev.io/repository/public/com/sk89q/worldedit/worldedit-core/7.0.0-SNAPSHOT/maven-metadata.xml, status: 522
[WARNING] com.sk89q.worldedit:worldedit-core:7.0.0-SNAPSHOT/maven-metadata.xmlfailed to transfer from https://repo.rosewooddev.io/repository/public/ during a previous attempt. This failure was cached in the local repository and resolution will not be reattempted until the update interval of rosewood-repo has elapsed or updates are forced. Original error: Could not transfer metadata com.sk89q.worldedit:worldedit-core:7.0.0-SNAPSHOT/maven-metadata.xml from/to rosewood-repo (https://repo.rosewooddev.io/repository/public/): transfer failed for https://repo.rosewooddev.io/repository/public/com/sk89q/worldedit/worldedit-core/7.0.0-SNAPSHOT/maven-metadata.xml, status: 522
[INFO] Downloading from spigot-repo: https://hub.spigotmc.org/nexus/content/repositories/snapshots/com/sk89q/worldedit/worldedit-core/7.0.0-SNAPSHOT/worldedit-core-7.0.0-20190611.111707-186.pom
[INFO] Downloading from jitpack.io: https://jitpack.io/com/sk89q/worldedit/worldedit-core/7.0.0-SNAPSHOT/worldedit-core-7.0.0-20190611.111707-186.pom
[INFO] Downloading from mcmmo-repo: https://nexus.neetgames.com/repository/maven-public/com/sk89q/worldedit/worldedit-core/7.0.0-SNAPSHOT/worldedit-core-7.0.0-20190611.111707-186.pom
[INFO] Downloading from jeff-media-public: https://hub.jeff-media.com/nexus/repository/jeff-media-public/com/sk89q/worldedit/worldedit-core/7.0.0-SNAPSHOT/worldedit-core-7.0.0-20190611.111707-186.pom
[INFO] Downloading from bg-repo: https://repo.bg-software.com/repository/api/com/sk89q/worldedit/worldedit-core/7.0.0-SNAPSHOT/worldedit-core-7.0.0-20190611.111707-186.pom
[INFO] Downloading from rosewood-repo: https://repo.rosewooddev.io/repository/public/com/sk89q/worldedit/worldedit-core/7.0.0-SNAPSHOT/worldedit-core-7.0.0-20190611.111707-186.pom
[INFO] Downloading from CodeMC: https://repo.codemc.org/repository/maven-public/com/sk89q/worldedit/worldedit-core/7.0.0-SNAPSHOT/worldedit-core-7.0.0-20190611.111707-186.pom
[INFO] Downloading from sk89q-repo: https://maven.sk89q.com/repo/com/sk89q/worldedit/worldedit-core/7.0.0-SNAPSHOT/worldedit-core-7.0.0-20190611.111707-186.pom
[INFO] Downloaded from sk89q-repo: https://maven.sk89q.com/repo/com/sk89q/worldedit/worldedit-core/7.0.0-SNAPSHOT/worldedit-core-7.0.0-20190611.111707-186.pom (2.2 kB at 18 kB/s)
[INFO] Downloading from spigot-repo: https://hub.spigotmc.org/nexus/content/repositories/snapshots/com/sk89q/worldedit/worldedit-libs/core/7.0.0-SNAPSHOT/maven-metadata.xml
[INFO] Downloading from mcmmo-repo: https://nexus.neetgames.com/repository/maven-public/com/sk89q/worldedit/worldedit-libs/core/7.0.0-SNAPSHOT/maven-metadata.xml
[INFO] Downloading from jitpack.io: https://jitpack.io/com/sk89q/worldedit/worldedit-libs/core/7.0.0-SNAPSHOT/maven-metadata.xml
[INFO] Downloading from jeff-media-public: https://hub.jeff-media.com/nexus/repository/jeff-media-public/com/sk89q/worldedit/worldedit-libs/core/7.0.0-SNAPSHOT/maven-metadata.xml
[INFO] Downloading from bg-repo: https://repo.bg-software.com/repository/api/com/sk89q/worldedit/worldedit-libs/core/7.0.0-SNAPSHOT/maven-metadata.xml
[INFO] Downloading from rosewood-repo: https://repo.rosewooddev.io/repository/public/com/sk89q/worldedit/worldedit-libs/core/7.0.0-SNAPSHOT/maven-metadata.xml
[INFO] Downloading from CodeMC: https://repo.codemc.org/repository/maven-public/com/sk89q/worldedit/worldedit-libs/core/7.0.0-SNAPSHOT/maven-metadata.xml
[INFO] Downloading from sk89q-repo: https://maven.sk89q.com/repo/com/sk89q/worldedit/worldedit-libs/core/7.0.0-SNAPSHOT/maven-metadata.xml
[INFO] Downloading from sonatype-oss: https://oss.sonatype.org/content/repositories/snapshots/com/sk89q/worldedit/worldedit-libs/core/7.0.0-SNAPSHOT/maven-metadata.xml
[INFO] Downloading from aikar: https://repo.aikar.co/content/groups/aikar/com/sk89q/worldedit/worldedit-libs/core/7.0.0-SNAPSHOT/maven-metadata.xml
[INFO] Downloaded from sk89q-repo: https://maven.sk89q.com/repo/com/sk89q/worldedit/worldedit-libs/core/7.0.0-SNAPSHOT/maven-metadata.xml (791 B at 6.5 kB/s)
[INFO] Downloaded from aikar: https://repo.aikar.co/content/groups/aikar/com/sk89q/worldedit/worldedit-libs/core/7.0.0-SNAPSHOT/maven-metadata.xml (791 B at 2.3 kB/s)
[WARNING] Could not transfer metadata com.sk89q.worldedit.worldedit-libs:core:7.0.0-SNAPSHOT/maven-metadata.xml from/to rosewood-repo (https://repo.rosewooddev.io/repository/public/): transfer failed for https://repo.rosewooddev.io/repository/public/com/sk89q/worldedit/worldedit-libs/core/7.0.0-SNAPSHOT/maven-metadata.xml, status: 522
[WARNING] com.sk89q.worldedit.worldedit-libs:core:7.0.0-SNAPSHOT/maven-metadata.xmlfailed to transfer from https://repo.rosewooddev.io/repository/public/ during a previous attempt. This failure was cached in the local repository and resolution will not be reattempted until the update interval of rosewood-repo has elapsed or updates are forced. Original error: Could not transfer metadata com.sk89q.worldedit.worldedit-libs:core:7.0.0-SNAPSHOT/maven-metadata.xml from/to rosewood-repo (https://repo.rosewooddev.io/repository/public/): transfer failed for https://repo.rosewooddev.io/repository/public/com/sk89q/worldedit/worldedit-libs/core/7.0.0-SNAPSHOT/maven-metadata.xml, status: 522
[INFO] Downloading from spigot-repo: https://hub.spigotmc.org/nexus/content/repositories/snapshots/com/sk89q/worldedit/worldedit-libs/core/7.0.0-SNAPSHOT/core-7.0.0-20190611.111707-71.pom
[INFO] Downloading from jitpack.io: https://jitpack.io/com/sk89q/worldedit/worldedit-libs/core/7.0.0-SNAPSHOT/core-7.0.0-20190611.111707-71.pom
[INFO] Downloading from mcmmo-repo: https://nexus.neetgames.com/repository/maven-public/com/sk89q/worldedit/worldedit-libs/core/7.0.0-SNAPSHOT/core-7.0.0-20190611.111707-71.pom
[INFO] Downloading from jeff-media-public: https://hub.jeff-media.com/nexus/repository/jeff-media-public/com/sk89q/worldedit/worldedit-libs/core/7.0.0-SNAPSHOT/core-7.0.0-20190611.111707-71.pom
[INFO] Downloading from bg-repo: https://repo.bg-software.com/repository/api/com/sk89q/worldedit/worldedit-libs/core/7.0.0-SNAPSHOT/core-7.0.0-20190611.111707-71.pom
[INFO] Downloading from rosewood-repo: https://repo.rosewooddev.io/repository/public/com/sk89q/worldedit/worldedit-libs/core/7.0.0-SNAPSHOT/core-7.0.0-20190611.111707-71.pom
[INFO] Downloading from CodeMC: https://repo.codemc.org/repository/maven-public/com/sk89q/worldedit/worldedit-libs/core/7.0.0-SNAPSHOT/core-7.0.0-20190611.111707-71.pom
[INFO] Downloading from sk89q-repo: https://maven.sk89q.com/repo/com/sk89q/worldedit/worldedit-libs/core/7.0.0-SNAPSHOT/core-7.0.0-20190611.111707-71.pom
[INFO] Downloaded from sk89q-repo: https://maven.sk89q.com/repo/com/sk89q/worldedit/worldedit-libs/core/7.0.0-SNAPSHOT/core-7.0.0-20190611.111707-71.pom (420 B at 3.2 kB/s)
[INFO] Downloading from spigot-repo: https://hub.spigotmc.org/nexus/content/repositories/snapshots/rhino/js/1.7R2/js-1.7R2.pom
[INFO] Downloading from jitpack.io: https://jitpack.io/rhino/js/1.7R2/js-1.7R2.pom
[INFO] Downloading from mcmmo-repo: https://nexus.neetgames.com/repository/maven-public/rhino/js/1.7R2/js-1.7R2.pom
[INFO] Downloaded from mcmmo-repo: https://nexus.neetgames.com/repository/maven-public/rhino/js/1.7R2/js-1.7R2.pom (832 B at 7.7 kB/s)
[INFO] Downloading from spigot-repo: https://hub.spigotmc.org/nexus/content/repositories/snapshots/com/google/code/findbugs/jsr305/1.3.9/jsr305-1.3.9.pom
[INFO] Downloading from jitpack.io: https://jitpack.io/com/google/code/findbugs/jsr305/1.3.9/jsr305-1.3.9.pom
[INFO] Downloading from mcmmo-repo: https://nexus.neetgames.com/repository/maven-public/com/google/code/findbugs/jsr305/1.3.9/jsr305-1.3.9.pom
[INFO] Downloaded from mcmmo-repo: https://nexus.neetgames.com/repository/maven-public/com/google/code/findbugs/jsr305/1.3.9/jsr305-1.3.9.pom (965 B at 9.1 kB/s)
[INFO] Downloading from spigot-repo: https://hub.spigotmc.org/nexus/content/repositories/snapshots/com/googlecode/json-simple/json-simple/1.1.1/json-simple-1.1.1.pom
[INFO] Downloading from jitpack.io: https://jitpack.io/com/googlecode/json-simple/json-simple/1.1.1/json-simple-1.1.1.pom
[INFO] Downloading from mcmmo-repo: https://nexus.neetgames.com/repository/maven-public/com/googlecode/json-simple/json-simple/1.1.1/json-simple-1.1.1.pom
[INFO] Downloaded from mcmmo-repo: https://nexus.neetgames.com/repository/maven-public/com/googlecode/json-simple/json-simple/1.1.1/json-simple-1.1.1.pom (3.5 kB at 33 kB/s)
[INFO] Downloading from spigot-repo: https://hub.spigotmc.org/nexus/content/repositories/snapshots/junit/junit/4.10/junit-4.10.pom
[INFO] Downloading from jitpack.io: https://jitpack.io/junit/junit/4.10/junit-4.10.pom
[INFO] Downloading from mcmmo-repo: https://nexus.neetgames.com/repository/maven-public/junit/junit/4.10/junit-4.10.pom
[INFO] Downloaded from mcmmo-repo: https://nexus.neetgames.com/repository/maven-public/junit/junit/4.10/junit-4.10.pom (2.3 kB at 22 kB/s)
[INFO] Downloading from spigot-repo: https://hub.spigotmc.org/nexus/content/repositories/snapshots/org/hamcrest/hamcrest-core/1.1/hamcrest-core-1.1.pom
[INFO] Downloading from jitpack.io: https://jitpack.io/org/hamcrest/hamcrest-core/1.1/hamcrest-core-1.1.pom
[INFO] Downloading from mcmmo-repo: https://nexus.neetgames.com/repository/maven-public/org/hamcrest/hamcrest-core/1.1/hamcrest-core-1.1.pom
[INFO] Downloaded from mcmmo-repo: https://nexus.neetgames.com/repository/maven-public/org/hamcrest/hamcrest-core/1.1/hamcrest-core-1.1.pom (481 B at 4.5 kB/s)
[INFO] Downloading from spigot-repo: https://hub.spigotmc.org/nexus/content/repositories/snapshots/org/hamcrest/hamcrest-parent/1.1/hamcrest-parent-1.1.pom
[INFO] Downloading from jitpack.io: https://jitpack.io/org/hamcrest/hamcrest-parent/1.1/hamcrest-parent-1.1.pom
[INFO] Downloading from mcmmo-repo: https://nexus.neetgames.com/repository/maven-public/org/hamcrest/hamcrest-parent/1.1/hamcrest-parent-1.1.pom
[INFO] Downloaded from mcmmo-repo: https://nexus.neetgames.com/repository/maven-public/org/hamcrest/hamcrest-parent/1.1/hamcrest-parent-1.1.pom (5.9 kB at 55 kB/s)
[INFO] Downloading from spigot-repo: https://hub.spigotmc.org/nexus/content/repositories/snapshots/com/sk89q/worldedit/worldedit-libs/bukkit/7.0.0-SNAPSHOT/maven-metadata.xml
[INFO] Downloading from jitpack.io: https://jitpack.io/com/sk89q/worldedit/worldedit-libs/bukkit/7.0.0-SNAPSHOT/maven-metadata.xml
[INFO] Downloading from mcmmo-repo: https://nexus.neetgames.com/repository/maven-public/com/sk89q/worldedit/worldedit-libs/bukkit/7.0.0-SNAPSHOT/maven-metadata.xml
[INFO] Downloading from jeff-media-public: https://hub.jeff-media.com/nexus/repository/jeff-media-public/com/sk89q/worldedit/worldedit-libs/bukkit/7.0.0-SNAPSHOT/maven-metadata.xml
[INFO] Downloading from bg-repo: https://repo.bg-software.com/repository/api/com/sk89q/worldedit/worldedit-libs/bukkit/7.0.0-SNAPSHOT/maven-metadata.xml
[INFO] Downloading from rosewood-repo: https://repo.rosewooddev.io/repository/public/com/sk89q/worldedit/worldedit-libs/bukkit/7.0.0-SNAPSHOT/maven-metadata.xml
[INFO] Downloading from CodeMC: https://repo.codemc.org/repository/maven-public/com/sk89q/worldedit/worldedit-libs/bukkit/7.0.0-SNAPSHOT/maven-metadata.xml
[INFO] Downloading from sk89q-repo: https://maven.sk89q.com/repo/com/sk89q/worldedit/worldedit-libs/bukkit/7.0.0-SNAPSHOT/maven-metadata.xml
[INFO] Downloading from sonatype-oss: https://oss.sonatype.org/content/repositories/snapshots/com/sk89q/worldedit/worldedit-libs/bukkit/7.0.0-SNAPSHOT/maven-metadata.xml
[INFO] Downloading from aikar: https://repo.aikar.co/content/groups/aikar/com/sk89q/worldedit/worldedit-libs/bukkit/7.0.0-SNAPSHOT/maven-metadata.xml
[INFO] Downloaded from sk89q-repo: https://maven.sk89q.com/repo/com/sk89q/worldedit/worldedit-libs/bukkit/7.0.0-SNAPSHOT/maven-metadata.xml (793 B at 6.5 kB/s)
[INFO] Downloaded from aikar: https://repo.aikar.co/content/groups/aikar/com/sk89q/worldedit/worldedit-libs/bukkit/7.0.0-SNAPSHOT/maven-metadata.xml (793 B at 5.4 kB/s)
[WARNING] Could not transfer metadata com.sk89q.worldedit.worldedit-libs:bukkit:7.0.0-SNAPSHOT/maven-metadata.xml from/to rosewood-repo (https://repo.rosewooddev.io/repository/public/): transfer failed for https://repo.rosewooddev.io/repository/public/com/sk89q/worldedit/worldedit-libs/bukkit/7.0.0-SNAPSHOT/maven-metadata.xml, status: 522
[WARNING] com.sk89q.worldedit.worldedit-libs:bukkit:7.0.0-SNAPSHOT/maven-metadata.xmlfailed to transfer from https://repo.rosewooddev.io/repository/public/ during a previous attempt. This failure was cached in the local repository and resolution will not be reattempted until the update interval of rosewood-repo has elapsed or updates are forced. Original error: Could not transfer metadata com.sk89q.worldedit.worldedit-libs:bukkit:7.0.0-SNAPSHOT/maven-metadata.xml from/to rosewood-repo (https://repo.rosewooddev.io/repository/public/): transfer failed for https://repo.rosewooddev.io/repository/public/com/sk89q/worldedit/worldedit-libs/bukkit/7.0.0-SNAPSHOT/maven-metadata.xml, status: 522
[INFO] Downloading from spigot-repo: https://hub.spigotmc.org/nexus/content/repositories/snapshots/com/sk89q/worldedit/worldedit-libs/bukkit/7.0.0-SNAPSHOT/bukkit-7.0.0-20190611.111707-71.pom
[INFO] Downloading from jitpack.io: https://jitpack.io/com/sk89q/worldedit/worldedit-libs/bukkit/7.0.0-SNAPSHOT/bukkit-7.0.0-20190611.111707-71.pom
[INFO] Downloading from mcmmo-repo: https://nexus.neetgames.com/repository/maven-public/com/sk89q/worldedit/worldedit-libs/bukkit/7.0.0-SNAPSHOT/bukkit-7.0.0-20190611.111707-71.pom
[INFO] Downloading from jeff-media-public: https://hub.jeff-media.com/nexus/repository/jeff-media-public/com/sk89q/worldedit/worldedit-libs/bukkit/7.0.0-SNAPSHOT/bukkit-7.0.0-20190611.111707-71.pom
[INFO] Downloading from bg-repo: https://repo.bg-software.com/repository/api/com/sk89q/worldedit/worldedit-libs/bukkit/7.0.0-SNAPSHOT/bukkit-7.0.0-20190611.111707-71.pom
[INFO] Downloading from rosewood-repo: https://repo.rosewooddev.io/repository/public/com/sk89q/worldedit/worldedit-libs/bukkit/7.0.0-SNAPSHOT/bukkit-7.0.0-20190611.111707-71.pom
[INFO] Downloading from CodeMC: https://repo.codemc.org/repository/maven-public/com/sk89q/worldedit/worldedit-libs/bukkit/7.0.0-SNAPSHOT/bukkit-7.0.0-20190611.111707-71.pom
[INFO] Downloading from sk89q-repo: https://maven.sk89q.com/repo/com/sk89q/worldedit/worldedit-libs/bukkit/7.0.0-SNAPSHOT/bukkit-7.0.0-20190611.111707-71.pom
[INFO] Downloaded from sk89q-repo: https://maven.sk89q.com/repo/com/sk89q/worldedit/worldedit-libs/bukkit/7.0.0-SNAPSHOT/bukkit-7.0.0-20190611.111707-71.pom (422 B at 3.5 kB/s)
[INFO] Downloading from spigot-repo: https://hub.spigotmc.org/nexus/content/repositories/snapshots/org/apache/logging/log4j/log4j-slf4j-impl/2.8.1/log4j-slf4j-impl-2.8.1.pom
[INFO] Downloading from jitpack.io: https://jitpack.io/org/apache/logging/log4j/log4j-slf4j-impl/2.8.1/log4j-slf4j-impl-2.8.1.pom
[INFO] Downloading from mcmmo-repo: https://nexus.neetgames.com/repository/maven-public/org/apache/logging/log4j/log4j-slf4j-impl/2.8.1/log4j-slf4j-impl-2.8.1.pom
[INFO] Downloaded from mcmmo-repo: https://nexus.neetgames.com/repository/maven-public/org/apache/logging/log4j/log4j-slf4j-impl/2.8.1/log4j-slf4j-impl-2.8.1.pom (9.2 kB at 34 kB/s)
[INFO] Downloading from spigot-repo: https://hub.spigotmc.org/nexus/content/repositories/snapshots/org/apache/logging/log4j/log4j/2.8.1/log4j-2.8.1.pom
[INFO] Downloading from jitpack.io: https://jitpack.io/org/apache/logging/log4j/log4j/2.8.1/log4j-2.8.1.pom
[INFO] Downloading from mcmmo-repo: https://nexus.neetgames.com/repository/maven-public/org/apache/logging/log4j/log4j/2.8.1/log4j-2.8.1.pom
[INFO] Downloaded from mcmmo-repo: https://nexus.neetgames.com/repository/maven-public/org/apache/logging/log4j/log4j/2.8.1/log4j-2.8.1.pom (55 kB at 217 kB/s)
[INFO] Downloading from spigot-repo: https://hub.spigotmc.org/nexus/content/repositories/snapshots/org/apache/logging/logging-parent/1/logging-parent-1.pom
[INFO] Downloading from jitpack.io: https://jitpack.io/org/apache/logging/logging-parent/1/logging-parent-1.pom
[INFO] Downloading from mcmmo-repo: https://nexus.neetgames.com/repository/maven-public/org/apache/logging/logging-parent/1/logging-parent-1.pom
[INFO] Downloaded from mcmmo-repo: https://nexus.neetgames.com/repository/maven-public/org/apache/logging/logging-parent/1/logging-parent-1.pom (3.2 kB at 25 kB/s)
[INFO] Downloading from spigot-repo: https://hub.spigotmc.org/nexus/content/repositories/snapshots/org/slf4j/slf4j-api/1.7.24/slf4j-api-1.7.24.pom
[INFO] Downloading from jitpack.io: https://jitpack.io/org/slf4j/slf4j-api/1.7.24/slf4j-api-1.7.24.pom
[INFO] Downloading from mcmmo-repo: https://nexus.neetgames.com/repository/maven-public/org/slf4j/slf4j-api/1.7.24/slf4j-api-1.7.24.pom
[INFO] Downloaded from mcmmo-repo: https://nexus.neetgames.com/repository/maven-public/org/slf4j/slf4j-api/1.7.24/slf4j-api-1.7.24.pom (3.8 kB at 30 kB/s)
[INFO] Downloading from spigot-repo: https://hub.spigotmc.org/nexus/content/repositories/snapshots/org/slf4j/slf4j-parent/1.7.24/slf4j-parent-1.7.24.pom
[INFO] Downloading from jitpack.io: https://jitpack.io/org/slf4j/slf4j-parent/1.7.24/slf4j-parent-1.7.24.pom
[INFO] Downloading from mcmmo-repo: https://nexus.neetgames.com/repository/maven-public/org/slf4j/slf4j-parent/1.7.24/slf4j-parent-1.7.24.pom
[INFO] Downloaded from mcmmo-repo: https://nexus.neetgames.com/repository/maven-public/org/slf4j/slf4j-parent/1.7.24/slf4j-parent-1.7.24.pom (14 kB at 106 kB/s)
[INFO] Downloading from spigot-repo: https://hub.spigotmc.org/nexus/content/repositories/snapshots/org/apache/logging/log4j/log4j-api/2.8.1/log4j-api-2.8.1.pom
[INFO] Downloading from jitpack.io: https://jitpack.io/org/apache/logging/log4j/log4j-api/2.8.1/log4j-api-2.8.1.pom
[INFO] Downloading from mcmmo-repo: https://nexus.neetgames.com/repository/maven-public/org/apache/logging/log4j/log4j-api/2.8.1/log4j-api-2.8.1.pom
[INFO] Downloaded from mcmmo-repo: https://nexus.neetgames.com/repository/maven-public/org/apache/logging/log4j/log4j-api/2.8.1/log4j-api-2.8.1.pom (8.7 kB at 68 kB/s)
[INFO] Downloading from spigot-repo: https://hub.spigotmc.org/nexus/content/repositories/snapshots/org/bstats/bstats-bukkit/1.4/bstats-bukkit-1.4.pom
[INFO] Downloading from jitpack.io: https://jitpack.io/org/bstats/bstats-bukkit/1.4/bstats-bukkit-1.4.pom
[INFO] Downloading from mcmmo-repo: https://nexus.neetgames.com/repository/maven-public/org/bstats/bstats-bukkit/1.4/bstats-bukkit-1.4.pom
[INFO] Downloading from jeff-media-public: https://hub.jeff-media.com/nexus/repository/jeff-media-public/org/bstats/bstats-bukkit/1.4/bstats-bukkit-1.4.pom
[INFO] Downloading from bg-repo: https://repo.bg-software.com/repository/api/org/bstats/bstats-bukkit/1.4/bstats-bukkit-1.4.pom
[INFO] Downloading from rosewood-repo: https://repo.rosewooddev.io/repository/public/org/bstats/bstats-bukkit/1.4/bstats-bukkit-1.4.pom
[INFO] Downloading from central: https://repo.maven.apache.org/maven2/org/bstats/bstats-bukkit/1.4/bstats-bukkit-1.4.pom
[INFO] Downloading from CodeMC: https://repo.codemc.org/repository/maven-public/org/bstats/bstats-bukkit/1.4/bstats-bukkit-1.4.pom
[INFO] Downloaded from CodeMC: https://repo.codemc.org/repository/maven-public/org/bstats/bstats-bukkit/1.4/bstats-bukkit-1.4.pom (953 B at 1.6 kB/s)
[INFO] Downloading from spigot-repo: https://hub.spigotmc.org/nexus/content/repositories/snapshots/org/bstats/bstats/1.4/bstats-1.4.pom
[INFO] Downloading from jitpack.io: https://jitpack.io/org/bstats/bstats/1.4/bstats-1.4.pom
[INFO] Downloading from mcmmo-repo: https://nexus.neetgames.com/repository/maven-public/org/bstats/bstats/1.4/bstats-1.4.pom
[INFO] Downloading from jeff-media-public: https://hub.jeff-media.com/nexus/repository/jeff-media-public/org/bstats/bstats/1.4/bstats-1.4.pom
[INFO] Downloading from bg-repo: https://repo.bg-software.com/repository/api/org/bstats/bstats/1.4/bstats-1.4.pom
[INFO] Downloading from rosewood-repo: https://repo.rosewooddev.io/repository/public/org/bstats/bstats/1.4/bstats-1.4.pom
[INFO] Downloading from central: https://repo.maven.apache.org/maven2/org/bstats/bstats/1.4/bstats-1.4.pom
[INFO] Downloading from CodeMC: https://repo.codemc.org/repository/maven-public/org/bstats/bstats/1.4/bstats-1.4.pom
[INFO] Downloaded from CodeMC: https://repo.codemc.org/repository/maven-public/org/bstats/bstats/1.4/bstats-1.4.pom (7.3 kB at 12 kB/s)
[INFO] Downloading from spigot-repo: https://hub.spigotmc.org/nexus/content/repositories/snapshots/com/sk89q/worldguard/worldguard-core/7.0.0-SNAPSHOT/maven-metadata.xml
[INFO] Downloading from jitpack.io: https://jitpack.io/com/sk89q/worldguard/worldguard-core/7.0.0-SNAPSHOT/maven-metadata.xml
[INFO] Downloading from jeff-media-public: https://hub.jeff-media.com/nexus/repository/jeff-media-public/com/sk89q/worldguard/worldguard-core/7.0.0-SNAPSHOT/maven-metadata.xml
[INFO] Downloading from mcmmo-repo: https://nexus.neetgames.com/repository/maven-public/com/sk89q/worldguard/worldguard-core/7.0.0-SNAPSHOT/maven-metadata.xml
[INFO] Downloading from bg-repo: https://repo.bg-software.com/repository/api/com/sk89q/worldguard/worldguard-core/7.0.0-SNAPSHOT/maven-metadata.xml
[INFO] Downloading from rosewood-repo: https://repo.rosewooddev.io/repository/public/com/sk89q/worldguard/worldguard-core/7.0.0-SNAPSHOT/maven-metadata.xml
[INFO] Downloading from CodeMC: https://repo.codemc.org/repository/maven-public/com/sk89q/worldguard/worldguard-core/7.0.0-SNAPSHOT/maven-metadata.xml
[INFO] Downloading from sk89q-repo: https://maven.sk89q.com/repo/com/sk89q/worldguard/worldguard-core/7.0.0-SNAPSHOT/maven-metadata.xml
[INFO] Downloading from sonatype-oss: https://oss.sonatype.org/content/repositories/snapshots/com/sk89q/worldguard/worldguard-core/7.0.0-SNAPSHOT/maven-metadata.xml
[INFO] Downloading from aikar: https://repo.aikar.co/content/groups/aikar/com/sk89q/worldguard/worldguard-core/7.0.0-SNAPSHOT/maven-metadata.xml
[INFO] Downloaded from sk89q-repo: https://maven.sk89q.com/repo/com/sk89q/worldguard/worldguard-core/7.0.0-SNAPSHOT/maven-metadata.xml (1.2 kB at 8.9 kB/s)
[INFO] Downloaded from aikar: https://repo.aikar.co/content/groups/aikar/com/sk89q/worldguard/worldguard-core/7.0.0-SNAPSHOT/maven-metadata.xml (1.2 kB at 7.6 kB/s)
[INFO] Downloading from spigot-repo: https://hub.spigotmc.org/nexus/content/repositories/snapshots/com/sk89q/worldguard/worldguard-core/7.0.0-SNAPSHOT/worldguard-core-7.0.0-20190612.004446-113.pom
[INFO] Downloading from jitpack.io: https://jitpack.io/com/sk89q/worldguard/worldguard-core/7.0.0-SNAPSHOT/worldguard-core-7.0.0-20190612.004446-113.pom
[INFO] Downloading from mcmmo-repo: https://nexus.neetgames.com/repository/maven-public/com/sk89q/worldguard/worldguard-core/7.0.0-SNAPSHOT/worldguard-core-7.0.0-20190612.004446-113.pom
[INFO] Downloading from jeff-media-public: https://hub.jeff-media.com/nexus/repository/jeff-media-public/com/sk89q/worldguard/worldguard-core/7.0.0-SNAPSHOT/worldguard-core-7.0.0-20190612.004446-113.pom
[INFO] Downloading from bg-repo: https://repo.bg-software.com/repository/api/com/sk89q/worldguard/worldguard-core/7.0.0-SNAPSHOT/worldguard-core-7.0.0-20190612.004446-113.pom
[INFO] Downloading from rosewood-repo: https://repo.rosewooddev.io/repository/public/com/sk89q/worldguard/worldguard-core/7.0.0-SNAPSHOT/worldguard-core-7.0.0-20190612.004446-113.pom
[INFO] Downloading from CodeMC: https://repo.codemc.org/repository/maven-public/com/sk89q/worldguard/worldguard-core/7.0.0-SNAPSHOT/worldguard-core-7.0.0-20190612.004446-113.pom
[INFO] Downloading from sk89q-repo: https://maven.sk89q.com/repo/com/sk89q/worldguard/worldguard-core/7.0.0-SNAPSHOT/worldguard-core-7.0.0-20190612.004446-113.pom
[INFO] Downloaded from sk89q-repo: https://maven.sk89q.com/repo/com/sk89q/worldguard/worldguard-core/7.0.0-SNAPSHOT/worldguard-core-7.0.0-20190612.004446-113.pom (1.9 kB at 14 kB/s)
[INFO] Downloading from spigot-repo: https://hub.spigotmc.org/nexus/content/repositories/snapshots/com/sk89q/intake/intake/4.2-SNAPSHOT/maven-metadata.xml
[INFO] Downloading from jitpack.io: https://jitpack.io/com/sk89q/intake/intake/4.2-SNAPSHOT/maven-metadata.xml
[INFO] Downloading from mcmmo-repo: https://nexus.neetgames.com/repository/maven-public/com/sk89q/intake/intake/4.2-SNAPSHOT/maven-metadata.xml
[INFO] Downloading from jeff-media-public: https://hub.jeff-media.com/nexus/repository/jeff-media-public/com/sk89q/intake/intake/4.2-SNAPSHOT/maven-metadata.xml
[INFO] Downloading from bg-repo: https://repo.bg-software.com/repository/api/com/sk89q/intake/intake/4.2-SNAPSHOT/maven-metadata.xml
[INFO] Downloading from rosewood-repo: https://repo.rosewooddev.io/repository/public/com/sk89q/intake/intake/4.2-SNAPSHOT/maven-metadata.xml
[INFO] Downloading from CodeMC: https://repo.codemc.org/repository/maven-public/com/sk89q/intake/intake/4.2-SNAPSHOT/maven-metadata.xml
[INFO] Downloading from sk89q-repo: https://maven.sk89q.com/repo/com/sk89q/intake/intake/4.2-SNAPSHOT/maven-metadata.xml
[INFO] Downloading from sonatype-oss: https://oss.sonatype.org/content/repositories/snapshots/com/sk89q/intake/intake/4.2-SNAPSHOT/maven-metadata.xml
[INFO] Downloaded from sk89q-repo: https://maven.sk89q.com/repo/com/sk89q/intake/intake/4.2-SNAPSHOT/maven-metadata.xml (1.2 kB at 11 kB/s)
[INFO] Downloading from aikar: https://repo.aikar.co/content/groups/aikar/com/sk89q/intake/intake/4.2-SNAPSHOT/maven-metadata.xml
[INFO] Downloaded from aikar: https://repo.aikar.co/content/groups/aikar/com/sk89q/intake/intake/4.2-SNAPSHOT/maven-metadata.xml (1.2 kB at 8.4 kB/s)
[INFO] Downloading from spigot-repo: https://hub.spigotmc.org/nexus/content/repositories/snapshots/com/sk89q/intake/intake/4.2-SNAPSHOT/intake-4.2-20150927.052853-4.pom
[INFO] Downloading from jitpack.io: https://jitpack.io/com/sk89q/intake/intake/4.2-SNAPSHOT/intake-4.2-20150927.052853-4.pom
[INFO] Downloading from mcmmo-repo: https://nexus.neetgames.com/repository/maven-public/com/sk89q/intake/intake/4.2-SNAPSHOT/intake-4.2-20150927.052853-4.pom
[INFO] Downloading from jeff-media-public: https://hub.jeff-media.com/nexus/repository/jeff-media-public/com/sk89q/intake/intake/4.2-SNAPSHOT/intake-4.2-20150927.052853-4.pom
[INFO] Downloading from bg-repo: https://repo.bg-software.com/repository/api/com/sk89q/intake/intake/4.2-SNAPSHOT/intake-4.2-20150927.052853-4.pom
[INFO] Downloading from rosewood-repo: https://repo.rosewooddev.io/repository/public/com/sk89q/intake/intake/4.2-SNAPSHOT/intake-4.2-20150927.052853-4.pom
[INFO] Downloading from CodeMC: https://repo.codemc.org/repository/maven-public/com/sk89q/intake/intake/4.2-SNAPSHOT/intake-4.2-20150927.052853-4.pom
[INFO] Downloading from sk89q-repo: https://maven.sk89q.com/repo/com/sk89q/intake/intake/4.2-SNAPSHOT/intake-4.2-20150927.052853-4.pom
[INFO] Downloaded from sk89q-repo: https://maven.sk89q.com/repo/com/sk89q/intake/intake/4.2-SNAPSHOT/intake-4.2-20150927.052853-4.pom (1.1 kB at 5.8 kB/s)
[INFO] Downloading from spigot-repo: https://hub.spigotmc.org/nexus/content/repositories/snapshots/com/google/guava/guava/18.0/guava-18.0.pom
[INFO] Downloading from jitpack.io: https://jitpack.io/com/google/guava/guava/18.0/guava-18.0.pom
[INFO] Downloading from mcmmo-repo: https://nexus.neetgames.com/repository/maven-public/com/google/guava/guava/18.0/guava-18.0.pom
[INFO] Downloaded from mcmmo-repo: https://nexus.neetgames.com/repository/maven-public/com/google/guava/guava/18.0/guava-18.0.pom (5.7 kB at 44 kB/s)
[INFO] Downloading from spigot-repo: https://hub.spigotmc.org/nexus/content/repositories/snapshots/com/google/guava/guava-parent/18.0/guava-parent-18.0.pom
[INFO] Downloading from jitpack.io: https://jitpack.io/com/google/guava/guava-parent/18.0/guava-parent-18.0.pom
[INFO] Downloading from mcmmo-repo: https://nexus.neetgames.com/repository/maven-public/com/google/guava/guava-parent/18.0/guava-parent-18.0.pom
[INFO] Downloaded from mcmmo-repo: https://nexus.neetgames.com/repository/maven-public/com/google/guava/guava-parent/18.0/guava-parent-18.0.pom (7.7 kB at 60 kB/s)
[INFO] Downloading from spigot-repo: https://hub.spigotmc.org/nexus/content/repositories/snapshots/com/google/code/findbugs/jsr305/3.0.0/jsr305-3.0.0.pom
[INFO] Downloading from jitpack.io: https://jitpack.io/com/google/code/findbugs/jsr305/3.0.0/jsr305-3.0.0.pom
[INFO] Downloading from mcmmo-repo: https://nexus.neetgames.com/repository/maven-public/com/google/code/findbugs/jsr305/3.0.0/jsr305-3.0.0.pom
[INFO] Downloaded from mcmmo-repo: https://nexus.neetgames.com/repository/maven-public/com/google/code/findbugs/jsr305/3.0.0/jsr305-3.0.0.pom (3.9 kB at 30 kB/s)
[INFO] Downloading from spigot-repo: https://hub.spigotmc.org/nexus/content/repositories/snapshots/com/sk89q/squirrelid/0.2.0/squirrelid-0.2.0.pom
[INFO] Downloading from jitpack.io: https://jitpack.io/com/sk89q/squirrelid/0.2.0/squirrelid-0.2.0.pom
[INFO] Downloading from mcmmo-repo: https://nexus.neetgames.com/repository/maven-public/com/sk89q/squirrelid/0.2.0/squirrelid-0.2.0.pom
[INFO] Downloading from jeff-media-public: https://hub.jeff-media.com/nexus/repository/jeff-media-public/com/sk89q/squirrelid/0.2.0/squirrelid-0.2.0.pom
[INFO] Downloading from bg-repo: https://repo.bg-software.com/repository/api/com/sk89q/squirrelid/0.2.0/squirrelid-0.2.0.pom
[INFO] Downloading from rosewood-repo: https://repo.rosewooddev.io/repository/public/com/sk89q/squirrelid/0.2.0/squirrelid-0.2.0.pom
[INFO] Downloading from central: https://repo.maven.apache.org/maven2/com/sk89q/squirrelid/0.2.0/squirrelid-0.2.0.pom
[INFO] Downloading from CodeMC: https://repo.codemc.org/repository/maven-public/com/sk89q/squirrelid/0.2.0/squirrelid-0.2.0.pom
[INFO] Downloading from sk89q-repo: https://maven.sk89q.com/repo/com/sk89q/squirrelid/0.2.0/squirrelid-0.2.0.pom
[INFO] Downloaded from sk89q-repo: https://maven.sk89q.com/repo/com/sk89q/squirrelid/0.2.0/squirrelid-0.2.0.pom (6.5 kB at 55 kB/s)
[INFO] Downloading from spigot-repo: https://hub.spigotmc.org/nexus/content/repositories/snapshots/org/khelekore/prtree/1.5.0/prtree-1.5.0.pom
[INFO] Downloading from jitpack.io: https://jitpack.io/org/khelekore/prtree/1.5.0/prtree-1.5.0.pom
[INFO] Downloading from mcmmo-repo: https://nexus.neetgames.com/repository/maven-public/org/khelekore/prtree/1.5.0/prtree-1.5.0.pom
[INFO] Downloading from jeff-media-public: https://hub.jeff-media.com/nexus/repository/jeff-media-public/org/khelekore/prtree/1.5.0/prtree-1.5.0.pom
[INFO] Downloading from bg-repo: https://repo.bg-software.com/repository/api/org/khelekore/prtree/1.5.0/prtree-1.5.0.pom
[INFO] Downloading from rosewood-repo: https://repo.rosewooddev.io/repository/public/org/khelekore/prtree/1.5.0/prtree-1.5.0.pom
[INFO] Downloading from central: https://repo.maven.apache.org/maven2/org/khelekore/prtree/1.5.0/prtree-1.5.0.pom
[INFO] Downloading from CodeMC: https://repo.codemc.org/repository/maven-public/org/khelekore/prtree/1.5.0/prtree-1.5.0.pom
[INFO] Downloading from sk89q-repo: https://maven.sk89q.com/repo/org/khelekore/prtree/1.5.0/prtree-1.5.0.pom
[INFO] Downloaded from sk89q-repo: https://maven.sk89q.com/repo/org/khelekore/prtree/1.5.0/prtree-1.5.0.pom (2.1 kB at 16 kB/s)
[INFO] Downloading from spigot-repo: https://hub.spigotmc.org/nexus/content/repositories/snapshots/com/sk89q/commandbook/2.3/commandbook-2.3.pom
[INFO] Downloading from jitpack.io: https://jitpack.io/com/sk89q/commandbook/2.3/commandbook-2.3.pom
[INFO] Downloading from mcmmo-repo: https://nexus.neetgames.com/repository/maven-public/com/sk89q/commandbook/2.3/commandbook-2.3.pom
[INFO] Downloading from jeff-media-public: https://hub.jeff-media.com/nexus/repository/jeff-media-public/com/sk89q/commandbook/2.3/commandbook-2.3.pom
[INFO] Downloading from bg-repo: https://repo.bg-software.com/repository/api/com/sk89q/commandbook/2.3/commandbook-2.3.pom
[INFO] Downloading from rosewood-repo: https://repo.rosewooddev.io/repository/public/com/sk89q/commandbook/2.3/commandbook-2.3.pom
[INFO] Downloading from central: https://repo.maven.apache.org/maven2/com/sk89q/commandbook/2.3/commandbook-2.3.pom
[INFO] Downloading from CodeMC: https://repo.codemc.org/repository/maven-public/com/sk89q/commandbook/2.3/commandbook-2.3.pom
[INFO] Downloading from sk89q-repo: https://maven.sk89q.com/repo/com/sk89q/commandbook/2.3/commandbook-2.3.pom
[INFO] Downloaded from sk89q-repo: https://maven.sk89q.com/repo/com/sk89q/commandbook/2.3/commandbook-2.3.pom (7.0 kB at 47 kB/s)
[INFO] Downloading from spigot-repo: https://hub.spigotmc.org/nexus/content/repositories/snapshots/org/jetbrains/annotations/20.1.0/annotations-20.1.0.pom
[INFO] Downloading from jitpack.io: https://jitpack.io/org/jetbrains/annotations/20.1.0/annotations-20.1.0.pom
[INFO] Downloading from mcmmo-repo: https://nexus.neetgames.com/repository/maven-public/org/jetbrains/annotations/20.1.0/annotations-20.1.0.pom
[INFO] Downloaded from mcmmo-repo: https://nexus.neetgames.com/repository/maven-public/org/jetbrains/annotations/20.1.0/annotations-20.1.0.pom (1.4 kB at 10 kB/s)
[INFO] Downloading from spigot-repo: https://hub.spigotmc.org/nexus/content/repositories/snapshots/com/google/guava/guava/29.0-jre/guava-29.0-jre.pom
[INFO] Downloading from jitpack.io: https://jitpack.io/com/google/guava/guava/29.0-jre/guava-29.0-jre.pom
[INFO] Downloading from mcmmo-repo: https://nexus.neetgames.com/repository/maven-public/com/google/guava/guava/29.0-jre/guava-29.0-jre.pom
[INFO] Downloaded from mcmmo-repo: https://nexus.neetgames.com/repository/maven-public/com/google/guava/guava/29.0-jre/guava-29.0-jre.pom (11 kB at 85 kB/s)
[INFO] Downloading from spigot-repo: https://hub.spigotmc.org/nexus/content/repositories/snapshots/com/google/guava/guava-parent/29.0-jre/guava-parent-29.0-jre.pom
[INFO] Downloading from jitpack.io: https://jitpack.io/com/google/guava/guava-parent/29.0-jre/guava-parent-29.0-jre.pom
[INFO] Downloading from mcmmo-repo: https://nexus.neetgames.com/repository/maven-public/com/google/guava/guava-parent/29.0-jre/guava-parent-29.0-jre.pom
[INFO] Downloaded from mcmmo-repo: https://nexus.neetgames.com/repository/maven-public/com/google/guava/guava-parent/29.0-jre/guava-parent-29.0-jre.pom (13 kB at 103 kB/s)
[INFO] Downloading from spigot-repo: https://hub.spigotmc.org/nexus/content/repositories/snapshots/com/google/guava/failureaccess/1.0.1/failureaccess-1.0.1.pom
[INFO] Downloading from jitpack.io: https://jitpack.io/com/google/guava/failureaccess/1.0.1/failureaccess-1.0.1.pom
[INFO] Downloading from mcmmo-repo: https://nexus.neetgames.com/repository/maven-public/com/google/guava/failureaccess/1.0.1/failureaccess-1.0.1.pom
[INFO] Downloaded from mcmmo-repo: https://nexus.neetgames.com/repository/maven-public/com/google/guava/failureaccess/1.0.1/failureaccess-1.0.1.pom (2.4 kB at 19 kB/s)
[INFO] Downloading from spigot-repo: https://hub.spigotmc.org/nexus/content/repositories/snapshots/com/google/guava/guava-parent/26.0-android/guava-parent-26.0-android.pom
[INFO] Downloading from jitpack.io: https://jitpack.io/com/google/guava/guava-parent/26.0-android/guava-parent-26.0-android.pom
[INFO] Downloading from mcmmo-repo: https://nexus.neetgames.com/repository/maven-public/com/google/guava/guava-parent/26.0-android/guava-parent-26.0-android.pom
[INFO] Downloaded from mcmmo-repo: https://nexus.neetgames.com/repository/maven-public/com/google/guava/guava-parent/26.0-android/guava-parent-26.0-android.pom (10 kB at 80 kB/s)
[INFO] Downloading from spigot-repo: https://hub.spigotmc.org/nexus/content/repositories/snapshots/com/google/guava/listenablefuture/9999.0-empty-to-avoid-conflict-with-guava/listenablefuture-9999.0-empty-to-avoid-conflict-with-guava.pom
[INFO] Downloading from jitpack.io: https://jitpack.io/com/google/guava/listenablefuture/9999.0-empty-to-avoid-conflict-with-guava/listenablefuture-9999.0-empty-to-avoid-conflict-with-guava.pom
[INFO] Downloading from mcmmo-repo: https://nexus.neetgames.com/repository/maven-public/com/google/guava/listenablefuture/9999.0-empty-to-avoid-conflict-with-guava/listenablefuture-9999.0-empty-to-avoid-conflict-with-guava.pom
[INFO] Downloaded from mcmmo-repo: https://nexus.neetgames.com/repository/maven-public/com/google/guava/listenablefuture/9999.0-empty-to-avoid-conflict-with-guava/listenablefuture-9999.0-empty-to-avoid-conflict-with-guava.pom (2.3 kB at 18 kB/s)
[INFO] Downloading from spigot-repo: https://hub.spigotmc.org/nexus/content/repositories/snapshots/com/google/code/findbugs/jsr305/3.0.2/jsr305-3.0.2.pom
[INFO] Downloading from jitpack.io: https://jitpack.io/com/google/code/findbugs/jsr305/3.0.2/jsr305-3.0.2.pom
[INFO] Downloading from mcmmo-repo: https://nexus.neetgames.com/repository/maven-public/com/google/code/findbugs/jsr305/3.0.2/jsr305-3.0.2.pom
[INFO] Downloaded from mcmmo-repo: https://nexus.neetgames.com/repository/maven-public/com/google/code/findbugs/jsr305/3.0.2/jsr305-3.0.2.pom (4.3 kB at 34 kB/s)
[INFO] Downloading from spigot-repo: https://hub.spigotmc.org/nexus/content/repositories/snapshots/org/checkerframework/checker-qual/2.11.1/checker-qual-2.11.1.pom
[INFO] Downloading from jitpack.io: https://jitpack.io/org/checkerframework/checker-qual/2.11.1/checker-qual-2.11.1.pom
[INFO] Downloading from mcmmo-repo: https://nexus.neetgames.com/repository/maven-public/org/checkerframework/checker-qual/2.11.1/checker-qual-2.11.1.pom
[INFO] Downloaded from mcmmo-repo: https://nexus.neetgames.com/repository/maven-public/org/checkerframework/checker-qual/2.11.1/checker-qual-2.11.1.pom (2.4 kB at 19 kB/s)
[INFO] Downloading from spigot-repo: https://hub.spigotmc.org/nexus/content/repositories/snapshots/com/google/errorprone/error_prone_annotations/2.3.4/error_prone_annotations-2.3.4.pom
[INFO] Downloading from jitpack.io: https://jitpack.io/com/google/errorprone/error_prone_annotations/2.3.4/error_prone_annotations-2.3.4.pom
[INFO] Downloading from mcmmo-repo: https://nexus.neetgames.com/repository/maven-public/com/google/errorprone/error_prone_annotations/2.3.4/error_prone_annotations-2.3.4.pom
[INFO] Downloaded from mcmmo-repo: https://nexus.neetgames.com/repository/maven-public/com/google/errorprone/error_prone_annotations/2.3.4/error_prone_annotations-2.3.4.pom (2.1 kB at 16 kB/s)
[INFO] Downloading from spigot-repo: https://hub.spigotmc.org/nexus/content/repositories/snapshots/com/google/errorprone/error_prone_parent/2.3.4/error_prone_parent-2.3.4.pom
[INFO] Downloading from jitpack.io: https://jitpack.io/com/google/errorprone/error_prone_parent/2.3.4/error_prone_parent-2.3.4.pom
[INFO] Downloading from mcmmo-repo: https://nexus.neetgames.com/repository/maven-public/com/google/errorprone/error_prone_parent/2.3.4/error_prone_parent-2.3.4.pom
[INFO] Downloaded from mcmmo-repo: https://nexus.neetgames.com/repository/maven-public/com/google/errorprone/error_prone_parent/2.3.4/error_prone_parent-2.3.4.pom (5.4 kB at 43 kB/s)
[INFO] Downloading from spigot-repo: https://hub.spigotmc.org/nexus/content/repositories/snapshots/com/google/j2objc/j2objc-annotations/1.3/j2objc-annotations-1.3.pom
[INFO] Downloading from jitpack.io: https://jitpack.io/com/google/j2objc/j2objc-annotations/1.3/j2objc-annotations-1.3.pom
[INFO] Downloading from mcmmo-repo: https://nexus.neetgames.com/repository/maven-public/com/google/j2objc/j2objc-annotations/1.3/j2objc-annotations-1.3.pom
[INFO] Downloaded from mcmmo-repo: https://nexus.neetgames.com/repository/maven-public/com/google/j2objc/j2objc-annotations/1.3/j2objc-annotations-1.3.pom (2.8 kB at 22 kB/s)
[INFO] Downloading from spigot-repo: https://hub.spigotmc.org/nexus/content/repositories/snapshots/com/bgsoftware/WildStackerAPI/latest/WildStackerAPI-latest.pom
[INFO] Downloading from jitpack.io: https://jitpack.io/com/bgsoftware/WildStackerAPI/latest/WildStackerAPI-latest.pom
[INFO] Downloading from mcmmo-repo: https://nexus.neetgames.com/repository/maven-public/com/bgsoftware/WildStackerAPI/latest/WildStackerAPI-latest.pom
[INFO] Downloading from jeff-media-public: https://hub.jeff-media.com/nexus/repository/jeff-media-public/com/bgsoftware/WildStackerAPI/latest/WildStackerAPI-latest.pom
[INFO] Downloading from bg-repo: https://repo.bg-software.com/repository/api/com/bgsoftware/WildStackerAPI/latest/WildStackerAPI-latest.pom
[INFO] Downloaded from bg-repo: https://repo.bg-software.com/repository/api/com/bgsoftware/WildStackerAPI/latest/WildStackerAPI-latest.pom (396 B at 847 B/s)
[INFO] Downloading from spigot-repo: https://hub.spigotmc.org/nexus/content/repositories/snapshots/com/github/Rosewood-Development/RoseStacker/ad4de61/RoseStacker-ad4de61.pom
[INFO] Downloading from jitpack.io: https://jitpack.io/com/github/Rosewood-Development/RoseStacker/ad4de61/RoseStacker-ad4de61.pom
[INFO] Downloading from mcmmo-repo: https://nexus.neetgames.com/repository/maven-public/com/github/Rosewood-Development/RoseStacker/ad4de61/RoseStacker-ad4de61.pom
[INFO] Downloading from jeff-media-public: https://hub.jeff-media.com/nexus/repository/jeff-media-public/com/github/Rosewood-Development/RoseStacker/ad4de61/RoseStacker-ad4de61.pom
[INFO] Downloading from bg-repo: https://repo.bg-software.com/repository/api/com/github/Rosewood-Development/RoseStacker/ad4de61/RoseStacker-ad4de61.pom
[INFO] Downloading from rosewood-repo: https://repo.rosewooddev.io/repository/public/com/github/Rosewood-Development/RoseStacker/ad4de61/RoseStacker-ad4de61.pom
[INFO] Downloading from central: https://repo.maven.apache.org/maven2/com/github/Rosewood-Development/RoseStacker/ad4de61/RoseStacker-ad4de61.pom
[WARNING] The POM for com.github.Rosewood-Development:RoseStacker:jar:ad4de61 is missing, no dependency information available
[INFO] Downloading from spigot-repo: https://hub.spigotmc.org/nexus/content/repositories/snapshots/org/spigotmc/spigot-api/1.16.5-R0.1-SNAPSHOT/spigot-api-1.16.5-R0.1-20210611.041013-99.jar
[INFO] Downloading from spigot-repo: https://hub.spigotmc.org/nexus/content/repositories/snapshots/commons-lang/commons-lang/2.6/commons-lang-2.6.jar
[INFO] Downloading from spigot-repo: https://hub.spigotmc.org/nexus/content/repositories/snapshots/com/google/guava/guava/21.0/guava-21.0.jar
[INFO] Downloading from spigot-repo: https://hub.spigotmc.org/nexus/content/repositories/snapshots/com/google/code/gson/gson/2.8.0/gson-2.8.0.jar
[INFO] Downloading from spigot-repo: https://hub.spigotmc.org/nexus/content/repositories/snapshots/net/md-5/bungeecord-chat/1.16-R0.4/bungeecord-chat-1.16-R0.4.jar
[INFO] Downloading from spigot-repo: https://hub.spigotmc.org/nexus/content/repositories/snapshots/org/yaml/snakeyaml/1.27/snakeyaml-1.27.jar
[INFO] Downloading from spigot-repo: https://hub.spigotmc.org/nexus/content/repositories/snapshots/com/github/Slimefun/Slimefun4/b8f7dc/Slimefun4-b8f7dc.jar
[INFO] Downloading from spigot-repo: https://hub.spigotmc.org/nexus/content/repositories/snapshots/org/bstats/bstats-bukkit/2.2.1/bstats-bukkit-2.2.1.jar
[INFO] Downloading from spigot-repo: https://hub.spigotmc.org/nexus/content/repositories/snapshots/org/bstats/bstats-base/2.2.1/bstats-base-2.2.1.jar
[INFO] Downloading from spigot-repo: https://hub.spigotmc.org/nexus/content/repositories/snapshots/com/google/code/findbugs/annotations/3.0.1u2/annotations-3.0.1u2.jar
[INFO] Downloading from spigot-repo: https://hub.spigotmc.org/nexus/content/repositories/snapshots/net/jcip/jcip-annotations/1.0/jcip-annotations-1.0.jar
[INFO] Downloading from spigot-repo: https://hub.spigotmc.org/nexus/content/repositories/snapshots/com/google/code/findbugs/jsr305/3.0.1/jsr305-3.0.1.jar
[INFO] Downloading from spigot-repo: https://hub.spigotmc.org/nexus/content/repositories/snapshots/org/projectlombok/lombok/1.18.20/lombok-1.18.20.jar
[INFO] Downloaded from spigot-repo: https://hub.spigotmc.org/nexus/content/repositories/snapshots/org/spigotmc/spigot-api/1.16.5-R0.1-SNAPSHOT/spigot-api-1.16.5-R0.1-20210611.041013-99.jar (1.3 MB at 3.7 MB/s)
[INFO] Downloading from spigot-repo: https://hub.spigotmc.org/nexus/content/repositories/snapshots/de/jeff_media/MorePersistentDataTypes/1.0.0/MorePersistentDataTypes-1.0.0.jar
[INFO] Downloading from spigot-repo: https://hub.spigotmc.org/nexus/content/repositories/snapshots/com/gmail/nossr50/mcMMO/mcMMO/2.1.202/mcMMO-2.1.202.jar
[INFO] Downloading from spigot-repo: https://hub.spigotmc.org/nexus/content/repositories/snapshots/org/apache/maven/scm/maven-scm-provider-gitexe/1.9.4/maven-scm-provider-gitexe-1.9.4.jar
[INFO] Downloading from spigot-repo: https://hub.spigotmc.org/nexus/content/repositories/snapshots/commons-io/commons-io/2.2/commons-io-2.2.jar
[INFO] Downloading from spigot-repo: https://hub.spigotmc.org/nexus/content/repositories/snapshots/org/apache/maven/scm/maven-scm-provider-git-commons/1.9.4/maven-scm-provider-git-commons-1.9.4.jar
[INFO] Downloading from spigot-repo: https://hub.spigotmc.org/nexus/content/repositories/snapshots/org/apache/maven/scm/maven-scm-api/1.9.4/maven-scm-api-1.9.4.jar
[INFO] Downloading from spigot-repo: https://hub.spigotmc.org/nexus/content/repositories/snapshots/org/codehaus/plexus/plexus-utils/3.0.15/plexus-utils-3.0.15.jar
[INFO] Downloading from spigot-repo: https://hub.spigotmc.org/nexus/content/repositories/snapshots/com/sk89q/worldguard/worldguard-core/7.0.4/worldguard-core-7.0.4.jar
[INFO] Downloading from spigot-repo: https://hub.spigotmc.org/nexus/content/repositories/snapshots/com/sk89q/worldguard/worldguard-libs/core/7.0.4/core-7.0.4.jar
[INFO] Downloading from spigot-repo: https://hub.spigotmc.org/nexus/content/repositories/snapshots/de/schlichtherle/truezip/6.8.3/truezip-6.8.3.jar
[INFO] Downloading from spigot-repo: https://hub.spigotmc.org/nexus/content/repositories/snapshots/net/java/truevfs/truevfs-profile-default_2.13/0.12.1/truevfs-profile-default_2.13-0.12.1.jar
[INFO] Downloading from spigot-repo: https://hub.spigotmc.org/nexus/content/repositories/snapshots/org/scala-lang/scala-library/2.13.1/scala-library-2.13.1.jar
[INFO] Downloading from spigot-repo: https://hub.spigotmc.org/nexus/content/repositories/snapshots/net/java/truevfs/truevfs-driver-http/0.12.1/truevfs-driver-http-0.12.1.jar
[INFO] Downloading from spigot-repo: https://hub.spigotmc.org/nexus/content/repositories/snapshots/net/java/truevfs/truevfs-kernel-spec/0.12.1/truevfs-kernel-spec-0.12.1.jar
[INFO] Downloading from spigot-repo: https://hub.spigotmc.org/nexus/content/repositories/snapshots/net/java/truecommons/truecommons-annotations/2.5.0/truecommons-annotations-2.5.0.jar
[INFO] Downloading from spigot-repo: https://hub.spigotmc.org/nexus/content/repositories/snapshots/net/java/truecommons/truecommons-cio/2.5.0/truecommons-cio-2.5.0.jar
[INFO] Downloading from spigot-repo: https://hub.spigotmc.org/nexus/content/repositories/snapshots/net/java/truecommons/truecommons-io/2.5.0/truecommons-io-2.5.0.jar
[INFO] Downloading from spigot-repo: https://hub.spigotmc.org/nexus/content/repositories/snapshots/net/java/truecommons/truecommons-services/2.5.0/truecommons-services-2.5.0.jar
[INFO] Downloading from spigot-repo: https://hub.spigotmc.org/nexus/content/repositories/snapshots/net/java/truecommons/truecommons-logging/2.5.0/truecommons-logging-2.5.0.jar
[INFO] Downloading from spigot-repo: https://hub.spigotmc.org/nexus/content/repositories/snapshots/javax/inject/javax.inject/1/javax.inject-1.jar
[INFO] Downloading from spigot-repo: https://hub.spigotmc.org/nexus/content/repositories/snapshots/org/apache/httpcomponents/httpclient/4.5.10/httpclient-4.5.10.jar
[INFO] Downloading from spigot-repo: https://hub.spigotmc.org/nexus/content/repositories/snapshots/org/apache/httpcomponents/httpcore/4.4.12/httpcore-4.4.12.jar
[INFO] Downloading from spigot-repo: https://hub.spigotmc.org/nexus/content/repositories/snapshots/commons-codec/commons-codec/1.11/commons-codec-1.11.jar
[INFO] Downloading from spigot-repo: https://hub.spigotmc.org/nexus/content/repositories/snapshots/org/slf4j/jcl-over-slf4j/1.7.28/jcl-over-slf4j-1.7.28.jar
[INFO] Downloading from spigot-repo: https://hub.spigotmc.org/nexus/content/repositories/snapshots/net/java/truevfs/truevfs-driver-odf/0.12.1/truevfs-driver-odf-0.12.1.jar
[INFO] Downloading from spigot-repo: https://hub.spigotmc.org/nexus/content/repositories/snapshots/net/java/truevfs/truevfs-comp-zipdriver/0.12.1/truevfs-comp-zipdriver-0.12.1.jar
[INFO] Downloading from spigot-repo: https://hub.spigotmc.org/nexus/content/repositories/snapshots/net/java/truevfs/truevfs-comp-zip/0.12.1/truevfs-comp-zip-0.12.1.jar
[INFO] Downloading from spigot-repo: https://hub.spigotmc.org/nexus/content/repositories/snapshots/org/bouncycastle/bcprov-jdk15on/1.63/bcprov-jdk15on-1.63.jar
[INFO] Downloading from spigot-repo: https://hub.spigotmc.org/nexus/content/repositories/snapshots/net/java/truevfs/truevfs-driver-tar/0.12.1/truevfs-driver-tar-0.12.1.jar
[INFO] Downloading from spigot-repo: https://hub.spigotmc.org/nexus/content/repositories/snapshots/net/java/truevfs/truevfs-comp-tardriver/0.12.1/truevfs-comp-tardriver-0.12.1.jar
[INFO] Downloading from spigot-repo: https://hub.spigotmc.org/nexus/content/repositories/snapshots/org/apache/commons/commons-compress/1.19/commons-compress-1.19.jar
[INFO] Downloading from spigot-repo: https://hub.spigotmc.org/nexus/content/repositories/snapshots/net/java/truevfs/truevfs-driver-tar-bzip2/0.12.1/truevfs-driver-tar-bzip2-0.12.1.jar
[INFO] Downloading from spigot-repo: https://hub.spigotmc.org/nexus/content/repositories/snapshots/net/java/truevfs/truevfs-driver-tar-gzip/0.12.1/truevfs-driver-tar-gzip-0.12.1.jar
[INFO] Downloading from spigot-repo: https://hub.spigotmc.org/nexus/content/repositories/snapshots/net/java/truevfs/truevfs-driver-tar-xz/0.12.1/truevfs-driver-tar-xz-0.12.1.jar
[INFO] Downloading from spigot-repo: https://hub.spigotmc.org/nexus/content/repositories/snapshots/org/tukaani/xz/1.8/xz-1.8.jar
[INFO] Downloading from spigot-repo: https://hub.spigotmc.org/nexus/content/repositories/snapshots/net/java/truevfs/truevfs-driver-zip-raes/0.12.1/truevfs-driver-zip-raes-0.12.1.jar
[INFO] Downloading from spigot-repo: https://hub.spigotmc.org/nexus/content/repositories/snapshots/net/java/truevfs/truevfs-profile-base_2.13/0.12.1/truevfs-profile-base_2.13-0.12.1.jar
[INFO] Downloading from spigot-repo: https://hub.spigotmc.org/nexus/content/repositories/snapshots/net/java/truevfs/truevfs-access-swing/0.12.1/truevfs-access-swing-0.12.1.jar
[INFO] Downloading from spigot-repo: https://hub.spigotmc.org/nexus/content/repositories/snapshots/net/java/truevfs/truevfs-access/0.12.1/truevfs-access-0.12.1.jar
[INFO] Downloading from spigot-repo: https://hub.spigotmc.org/nexus/content/repositories/snapshots/net/java/truevfs/truevfs-driver-file/0.12.1/truevfs-driver-file-0.12.1.jar
[INFO] Downloading from spigot-repo: https://hub.spigotmc.org/nexus/content/repositories/snapshots/net/java/truevfs/truevfs-driver-jar/0.12.1/truevfs-driver-jar-0.12.1.jar
[INFO] Downloading from spigot-repo: https://hub.spigotmc.org/nexus/content/repositories/snapshots/net/java/truevfs/truevfs-driver-zip/0.12.1/truevfs-driver-zip-0.12.1.jar
[INFO] Downloading from spigot-repo: https://hub.spigotmc.org/nexus/content/repositories/snapshots/net/java/truevfs/truevfs-comp-ibm437/0.12.1/truevfs-comp-ibm437-0.12.1.jar
[INFO] Downloading from spigot-repo: https://hub.spigotmc.org/nexus/content/repositories/snapshots/net/java/truevfs/truevfs-kernel-impl_2.13/0.12.1/truevfs-kernel-impl_2.13-0.12.1.jar
[INFO] Downloading from spigot-repo: https://hub.spigotmc.org/nexus/content/repositories/snapshots/net/java/truecommons/truecommons-key-console/2.5.0/truecommons-key-console-2.5.0.jar
[INFO] Downloading from spigot-repo: https://hub.spigotmc.org/nexus/content/repositories/snapshots/net/java/truecommons/truecommons-key-default/2.5.0/truecommons-key-default-2.5.0.jar
[INFO] Downloading from spigot-repo: https://hub.spigotmc.org/nexus/content/repositories/snapshots/net/java/truecommons/truecommons-key-swing/2.5.0/truecommons-key-swing-2.5.0.jar
[INFO] Downloading from spigot-repo: https://hub.spigotmc.org/nexus/content/repositories/snapshots/net/java/truecommons/truecommons-key-macosx/2.5.0/truecommons-key-macosx-2.5.0.jar
[INFO] Downloading from spigot-repo: https://hub.spigotmc.org/nexus/content/repositories/snapshots/net/java/truecommons/truecommons-key-spec/2.5.0/truecommons-key-spec-2.5.0.jar
[INFO] Downloading from spigot-repo: https://hub.spigotmc.org/nexus/content/repositories/snapshots/net/java/truecommons/truecommons-shed/2.5.0/truecommons-shed-2.5.0.jar
[INFO] Downloading from spigot-repo: https://hub.spigotmc.org/nexus/content/repositories/snapshots/net/java/dev/jna/jna/4.1.0/jna-4.1.0.jar
[INFO] Downloading from spigot-repo: https://hub.spigotmc.org/nexus/content/repositories/snapshots/org/mozilla/rhino-runtime/1.7.12/rhino-runtime-1.7.12.jar
[INFO] Downloading from spigot-repo: https://hub.spigotmc.org/nexus/content/repositories/snapshots/org/slf4j/slf4j-api/1.7.26/slf4j-api-1.7.26.jar
[INFO] Downloading from spigot-repo: https://hub.spigotmc.org/nexus/content/repositories/snapshots/it/unimi/dsi/fastutil/8.2.1/fastutil-8.2.1.jar
[INFO] Downloading from spigot-repo: https://hub.spigotmc.org/nexus/content/repositories/snapshots/org/antlr/antlr4-runtime/4.7.2/antlr4-runtime-4.7.2.jar
[INFO] Downloading from spigot-repo: https://hub.spigotmc.org/nexus/content/repositories/snapshots/org/flywaydb/flyway-core/3.0/flyway-core-3.0.jar
[INFO] Downloading from spigot-repo: https://hub.spigotmc.org/nexus/content/repositories/snapshots/org/apache/logging/log4j/log4j-slf4j-impl/2.8.1/log4j-slf4j-impl-2.8.1.jar
[INFO] Downloading from spigot-repo: https://hub.spigotmc.org/nexus/content/repositories/snapshots/org/apache/logging/log4j/log4j-api/2.8.1/log4j-api-2.8.1.jar
[INFO] Downloading from spigot-repo: https://hub.spigotmc.org/nexus/content/repositories/snapshots/com/sk89q/commandbook/2.3/commandbook-2.3.jar
[INFO] Downloading from spigot-repo: https://hub.spigotmc.org/nexus/content/repositories/snapshots/org/jetbrains/annotations/20.1.0/annotations-20.1.0.jar
[INFO] Downloading from spigot-repo: https://hub.spigotmc.org/nexus/content/repositories/snapshots/com/bgsoftware/WildStackerAPI/latest/WildStackerAPI-latest.jar
[INFO] Downloading from spigot-repo: https://hub.spigotmc.org/nexus/content/repositories/snapshots/com/github/Rosewood-Development/RoseStacker/ad4de61/RoseStacker-ad4de61.jar
[INFO] Downloading from jitpack.io: https://jitpack.io/commons-lang/commons-lang/2.6/commons-lang-2.6.jar
[INFO] Downloading from jitpack.io: https://jitpack.io/net/md-5/bungeecord-chat/1.16-R0.4/bungeecord-chat-1.16-R0.4.jar
[INFO] Downloading from jitpack.io: https://jitpack.io/org/yaml/snakeyaml/1.27/snakeyaml-1.27.jar
[INFO] Downloading from jitpack.io: https://jitpack.io/com/google/code/gson/gson/2.8.0/gson-2.8.0.jar
[INFO] Downloading from jitpack.io: https://jitpack.io/com/google/guava/guava/21.0/guava-21.0.jar
[INFO] Downloading from jitpack.io: https://jitpack.io/com/github/Slimefun/Slimefun4/b8f7dc/Slimefun4-b8f7dc.jar
[INFO] Downloading from jitpack.io: https://jitpack.io/org/bstats/bstats-bukkit/2.2.1/bstats-bukkit-2.2.1.jar
[INFO] Downloading from jitpack.io: https://jitpack.io/org/bstats/bstats-base/2.2.1/bstats-base-2.2.1.jar
[INFO] Downloading from jitpack.io: https://jitpack.io/com/google/code/findbugs/annotations/3.0.1u2/annotations-3.0.1u2.jar
[INFO] Downloading from jitpack.io: https://jitpack.io/net/jcip/jcip-annotations/1.0/jcip-annotations-1.0.jar
[INFO] Downloading from jitpack.io: https://jitpack.io/com/google/code/findbugs/jsr305/3.0.1/jsr305-3.0.1.jar
[INFO] Downloading from jitpack.io: https://jitpack.io/org/projectlombok/lombok/1.18.20/lombok-1.18.20.jar
[INFO] Downloading from jitpack.io: https://jitpack.io/de/jeff_media/MorePersistentDataTypes/1.0.0/MorePersistentDataTypes-1.0.0.jar
[INFO] Downloading from jitpack.io: https://jitpack.io/com/gmail/nossr50/mcMMO/mcMMO/2.1.202/mcMMO-2.1.202.jar
[INFO] Downloaded from jitpack.io: https://jitpack.io/com/github/Slimefun/Slimefun4/b8f7dc/Slimefun4-b8f7dc.jar (4.3 MB at 12 MB/s)
[INFO] Downloading from jitpack.io: https://jitpack.io/org/apache/maven/scm/maven-scm-provider-gitexe/1.9.4/maven-scm-provider-gitexe-1.9.4.jar
[INFO] Downloading from jitpack.io: https://jitpack.io/commons-io/commons-io/2.2/commons-io-2.2.jar
[INFO] Downloading from jitpack.io: https://jitpack.io/org/apache/maven/scm/maven-scm-provider-git-commons/1.9.4/maven-scm-provider-git-commons-1.9.4.jar
[INFO] Downloading from jitpack.io: https://jitpack.io/org/apache/maven/scm/maven-scm-api/1.9.4/maven-scm-api-1.9.4.jar
[INFO] Downloading from jitpack.io: https://jitpack.io/org/codehaus/plexus/plexus-utils/3.0.15/plexus-utils-3.0.15.jar
[INFO] Downloading from jitpack.io: https://jitpack.io/com/sk89q/worldguard/worldguard-core/7.0.4/worldguard-core-7.0.4.jar
[INFO] Downloading from jitpack.io: https://jitpack.io/com/sk89q/worldguard/worldguard-libs/core/7.0.4/core-7.0.4.jar
[INFO] Downloading from jitpack.io: https://jitpack.io/de/schlichtherle/truezip/6.8.3/truezip-6.8.3.jar
[INFO] Downloading from jitpack.io: https://jitpack.io/net/java/truevfs/truevfs-profile-default_2.13/0.12.1/truevfs-profile-default_2.13-0.12.1.jar
[INFO] Downloading from jitpack.io: https://jitpack.io/org/scala-lang/scala-library/2.13.1/scala-library-2.13.1.jar
[INFO] Downloading from jitpack.io: https://jitpack.io/net/java/truevfs/truevfs-driver-http/0.12.1/truevfs-driver-http-0.12.1.jar
[INFO] Downloading from jitpack.io: https://jitpack.io/net/java/truevfs/truevfs-kernel-spec/0.12.1/truevfs-kernel-spec-0.12.1.jar
[INFO] Downloading from jitpack.io: https://jitpack.io/net/java/truecommons/truecommons-annotations/2.5.0/truecommons-annotations-2.5.0.jar
[INFO] Downloading from jitpack.io: https://jitpack.io/net/java/truecommons/truecommons-cio/2.5.0/truecommons-cio-2.5.0.jar
[INFO] Downloading from jitpack.io: https://jitpack.io/net/java/truecommons/truecommons-io/2.5.0/truecommons-io-2.5.0.jar
[INFO] Downloading from jitpack.io: https://jitpack.io/net/java/truecommons/truecommons-services/2.5.0/truecommons-services-2.5.0.jar
[INFO] Downloading from jitpack.io: https://jitpack.io/net/java/truecommons/truecommons-logging/2.5.0/truecommons-logging-2.5.0.jar
[INFO] Downloading from jitpack.io: https://jitpack.io/javax/inject/javax.inject/1/javax.inject-1.jar
[INFO] Downloading from jitpack.io: https://jitpack.io/org/apache/httpcomponents/httpclient/4.5.10/httpclient-4.5.10.jar
[INFO] Downloading from jitpack.io: https://jitpack.io/org/apache/httpcomponents/httpcore/4.4.12/httpcore-4.4.12.jar
[INFO] Downloading from jitpack.io: https://jitpack.io/commons-codec/commons-codec/1.11/commons-codec-1.11.jar
[INFO] Downloading from jitpack.io: https://jitpack.io/org/slf4j/jcl-over-slf4j/1.7.28/jcl-over-slf4j-1.7.28.jar
[INFO] Downloading from jitpack.io: https://jitpack.io/net/java/truevfs/truevfs-driver-odf/0.12.1/truevfs-driver-odf-0.12.1.jar
[INFO] Downloading from jitpack.io: https://jitpack.io/net/java/truevfs/truevfs-comp-zipdriver/0.12.1/truevfs-comp-zipdriver-0.12.1.jar
[INFO] Downloading from jitpack.io: https://jitpack.io/net/java/truevfs/truevfs-comp-zip/0.12.1/truevfs-comp-zip-0.12.1.jar
[INFO] Downloading from jitpack.io: https://jitpack.io/org/bouncycastle/bcprov-jdk15on/1.63/bcprov-jdk15on-1.63.jar
[INFO] Downloading from jitpack.io: https://jitpack.io/net/java/truevfs/truevfs-driver-tar/0.12.1/truevfs-driver-tar-0.12.1.jar
[INFO] Downloading from jitpack.io: https://jitpack.io/net/java/truevfs/truevfs-comp-tardriver/0.12.1/truevfs-comp-tardriver-0.12.1.jar
[INFO] Downloading from jitpack.io: https://jitpack.io/org/apache/commons/commons-compress/1.19/commons-compress-1.19.jar
[INFO] Downloading from jitpack.io: https://jitpack.io/net/java/truevfs/truevfs-driver-tar-bzip2/0.12.1/truevfs-driver-tar-bzip2-0.12.1.jar
[INFO] Downloading from jitpack.io: https://jitpack.io/net/java/truevfs/truevfs-driver-tar-gzip/0.12.1/truevfs-driver-tar-gzip-0.12.1.jar
[INFO] Downloading from jitpack.io: https://jitpack.io/net/java/truevfs/truevfs-driver-tar-xz/0.12.1/truevfs-driver-tar-xz-0.12.1.jar
[INFO] Downloading from jitpack.io: https://jitpack.io/org/tukaani/xz/1.8/xz-1.8.jar
[INFO] Downloading from jitpack.io: https://jitpack.io/net/java/truevfs/truevfs-driver-zip-raes/0.12.1/truevfs-driver-zip-raes-0.12.1.jar
[INFO] Downloading from jitpack.io: https://jitpack.io/net/java/truevfs/truevfs-profile-base_2.13/0.12.1/truevfs-profile-base_2.13-0.12.1.jar
[INFO] Downloading from jitpack.io: https://jitpack.io/net/java/truevfs/truevfs-access-swing/0.12.1/truevfs-access-swing-0.12.1.jar
[INFO] Downloading from jitpack.io: https://jitpack.io/net/java/truevfs/truevfs-access/0.12.1/truevfs-access-0.12.1.jar
[INFO] Downloading from jitpack.io: https://jitpack.io/net/java/truevfs/truevfs-driver-file/0.12.1/truevfs-driver-file-0.12.1.jar
[INFO] Downloading from jitpack.io: https://jitpack.io/net/java/truevfs/truevfs-driver-jar/0.12.1/truevfs-driver-jar-0.12.1.jar
[INFO] Downloading from jitpack.io: https://jitpack.io/net/java/truevfs/truevfs-driver-zip/0.12.1/truevfs-driver-zip-0.12.1.jar
[INFO] Downloading from jitpack.io: https://jitpack.io/net/java/truevfs/truevfs-comp-ibm437/0.12.1/truevfs-comp-ibm437-0.12.1.jar
[INFO] Downloading from jitpack.io: https://jitpack.io/net/java/truevfs/truevfs-kernel-impl_2.13/0.12.1/truevfs-kernel-impl_2.13-0.12.1.jar
[INFO] Downloading from jitpack.io: https://jitpack.io/net/java/truecommons/truecommons-key-console/2.5.0/truecommons-key-console-2.5.0.jar
[INFO] Downloading from jitpack.io: https://jitpack.io/net/java/truecommons/truecommons-key-default/2.5.0/truecommons-key-default-2.5.0.jar
[INFO] Downloading from jitpack.io: https://jitpack.io/net/java/truecommons/truecommons-key-swing/2.5.0/truecommons-key-swing-2.5.0.jar
[INFO] Downloading from jitpack.io: https://jitpack.io/net/java/truecommons/truecommons-key-macosx/2.5.0/truecommons-key-macosx-2.5.0.jar
[INFO] Downloading from jitpack.io: https://jitpack.io/net/java/truecommons/truecommons-key-spec/2.5.0/truecommons-key-spec-2.5.0.jar
[INFO] Downloading from jitpack.io: https://jitpack.io/net/java/truecommons/truecommons-shed/2.5.0/truecommons-shed-2.5.0.jar
[INFO] Downloading from jitpack.io: https://jitpack.io/net/java/dev/jna/jna/4.1.0/jna-4.1.0.jar
[INFO] Downloading from jitpack.io: https://jitpack.io/org/mozilla/rhino-runtime/1.7.12/rhino-runtime-1.7.12.jar
[INFO] Downloading from jitpack.io: https://jitpack.io/org/slf4j/slf4j-api/1.7.26/slf4j-api-1.7.26.jar
[INFO] Downloading from jitpack.io: https://jitpack.io/it/unimi/dsi/fastutil/8.2.1/fastutil-8.2.1.jar
[INFO] Downloading from jitpack.io: https://jitpack.io/org/antlr/antlr4-runtime/4.7.2/antlr4-runtime-4.7.2.jar
[INFO] Downloading from jitpack.io: https://jitpack.io/org/flywaydb/flyway-core/3.0/flyway-core-3.0.jar
[INFO] Downloading from jitpack.io: https://jitpack.io/org/apache/logging/log4j/log4j-slf4j-impl/2.8.1/log4j-slf4j-impl-2.8.1.jar
[INFO] Downloading from jitpack.io: https://jitpack.io/org/apache/logging/log4j/log4j-api/2.8.1/log4j-api-2.8.1.jar
[INFO] Downloading from jitpack.io: https://jitpack.io/com/sk89q/commandbook/2.3/commandbook-2.3.jar
[INFO] Downloading from jitpack.io: https://jitpack.io/org/jetbrains/annotations/20.1.0/annotations-20.1.0.jar
[INFO] Downloading from jitpack.io: https://jitpack.io/com/bgsoftware/WildStackerAPI/latest/WildStackerAPI-latest.jar
[INFO] Downloading from jitpack.io: https://jitpack.io/com/github/Rosewood-Development/RoseStacker/ad4de61/RoseStacker-ad4de61.jar
[INFO] Downloading from mcmmo-repo: https://nexus.neetgames.com/repository/maven-public/commons-lang/commons-lang/2.6/commons-lang-2.6.jar
[INFO] Downloading from mcmmo-repo: https://nexus.neetgames.com/repository/maven-public/com/google/guava/guava/21.0/guava-21.0.jar
[INFO] Downloading from mcmmo-repo: https://nexus.neetgames.com/repository/maven-public/net/md-5/bungeecord-chat/1.16-R0.4/bungeecord-chat-1.16-R0.4.jar
[INFO] Downloading from mcmmo-repo: https://nexus.neetgames.com/repository/maven-public/com/google/code/gson/gson/2.8.0/gson-2.8.0.jar
[INFO] Downloading from mcmmo-repo: https://nexus.neetgames.com/repository/maven-public/org/yaml/snakeyaml/1.27/snakeyaml-1.27.jar
[INFO] Downloaded from mcmmo-repo: https://nexus.neetgames.com/repository/maven-public/commons-lang/commons-lang/2.6/commons-lang-2.6.jar (284 kB at 756 kB/s)
[INFO] Downloading from mcmmo-repo: https://nexus.neetgames.com/repository/maven-public/org/bstats/bstats-bukkit/2.2.1/bstats-bukkit-2.2.1.jar
[INFO] Downloaded from mcmmo-repo: https://nexus.neetgames.com/repository/maven-public/net/md-5/bungeecord-chat/1.16-R0.4/bungeecord-chat-1.16-R0.4.jar (149 kB at 362 kB/s)
[INFO] Downloading from mcmmo-repo: https://nexus.neetgames.com/repository/maven-public/org/bstats/bstats-base/2.2.1/bstats-base-2.2.1.jar
[INFO] Downloaded from mcmmo-repo: https://nexus.neetgames.com/repository/maven-public/org/yaml/snakeyaml/1.27/snakeyaml-1.27.jar (310 kB at 680 kB/s)
[INFO] Downloading from mcmmo-repo: https://nexus.neetgames.com/repository/maven-public/com/google/code/findbugs/annotations/3.0.1u2/annotations-3.0.1u2.jar
[INFO] Downloaded from mcmmo-repo: https://nexus.neetgames.com/repository/maven-public/com/google/code/gson/gson/2.8.0/gson-2.8.0.jar (232 kB at 500 kB/s)
[INFO] Downloading from mcmmo-repo: https://nexus.neetgames.com/repository/maven-public/net/jcip/jcip-annotations/1.0/jcip-annotations-1.0.jar
[INFO] Downloaded from mcmmo-repo: https://nexus.neetgames.com/repository/maven-public/org/bstats/bstats-bukkit/2.2.1/bstats-bukkit-2.2.1.jar (4.1 kB at 8.2 kB/s)
[INFO] Downloading from mcmmo-repo: https://nexus.neetgames.com/repository/maven-public/com/google/code/findbugs/jsr305/3.0.1/jsr305-3.0.1.jar
[INFO] Downloaded from mcmmo-repo: https://nexus.neetgames.com/repository/maven-public/org/bstats/bstats-base/2.2.1/bstats-base-2.2.1.jar (22 kB at 42 kB/s)
[INFO] Downloading from mcmmo-repo: https://nexus.neetgames.com/repository/maven-public/org/projectlombok/lombok/1.18.20/lombok-1.18.20.jar
[INFO] Downloaded from mcmmo-repo: https://nexus.neetgames.com/repository/maven-public/com/google/code/findbugs/annotations/3.0.1u2/annotations-3.0.1u2.jar (40 kB at 72 kB/s)
[INFO] Downloading from mcmmo-repo: https://nexus.neetgames.com/repository/maven-public/de/jeff_media/MorePersistentDataTypes/1.0.0/MorePersistentDataTypes-1.0.0.jar
[INFO] Downloaded from mcmmo-repo: https://nexus.neetgames.com/repository/maven-public/net/jcip/jcip-annotations/1.0/jcip-annotations-1.0.jar (2.3 kB at 3.9 kB/s)
[INFO] Downloading from mcmmo-repo: https://nexus.neetgames.com/repository/maven-public/com/gmail/nossr50/mcMMO/mcMMO/2.1.202/mcMMO-2.1.202.jar
[INFO] Downloading from mcmmo-repo: https://nexus.neetgames.com/repository/maven-public/org/apache/maven/scm/maven-scm-provider-gitexe/1.9.4/maven-scm-provider-gitexe-1.9.4.jar
[INFO] Downloaded from mcmmo-repo: https://nexus.neetgames.com/repository/maven-public/com/google/code/findbugs/jsr305/3.0.1/jsr305-3.0.1.jar (20 kB at 32 kB/s)
[INFO] Downloading from mcmmo-repo: https://nexus.neetgames.com/repository/maven-public/commons-io/commons-io/2.2/commons-io-2.2.jar
[INFO] Downloaded from mcmmo-repo: https://nexus.neetgames.com/repository/maven-public/com/google/guava/guava/21.0/guava-21.0.jar (2.5 MB at 4.0 MB/s)
[INFO] Downloading from mcmmo-repo: https://nexus.neetgames.com/repository/maven-public/org/apache/maven/scm/maven-scm-provider-git-commons/1.9.4/maven-scm-provider-git-commons-1.9.4.jar
[INFO] Downloaded from mcmmo-repo: https://nexus.neetgames.com/repository/maven-public/org/apache/maven/scm/maven-scm-provider-gitexe/1.9.4/maven-scm-provider-gitexe-1.9.4.jar (66 kB at 91 kB/s)
[INFO] Downloading from mcmmo-repo: https://nexus.neetgames.com/repository/maven-public/org/apache/maven/scm/maven-scm-api/1.9.4/maven-scm-api-1.9.4.jar
[INFO] Downloaded from mcmmo-repo: https://nexus.neetgames.com/repository/maven-public/org/apache/maven/scm/maven-scm-provider-git-commons/1.9.4/maven-scm-provider-git-commons-1.9.4.jar (34 kB at 46 kB/s)
[INFO] Downloading from mcmmo-repo: https://nexus.neetgames.com/repository/maven-public/org/codehaus/plexus/plexus-utils/3.0.15/plexus-utils-3.0.15.jar
[INFO] Downloaded from mcmmo-repo: https://nexus.neetgames.com/repository/maven-public/com/gmail/nossr50/mcMMO/mcMMO/2.1.202/mcMMO-2.1.202.jar (2.8 MB at 3.8 MB/s)
[INFO] Downloading from mcmmo-repo: https://nexus.neetgames.com/repository/maven-public/com/sk89q/worldguard/worldguard-core/7.0.4/worldguard-core-7.0.4.jar
[INFO] Downloaded from mcmmo-repo: https://nexus.neetgames.com/repository/maven-public/commons-io/commons-io/2.2/commons-io-2.2.jar (174 kB at 231 kB/s)
[INFO] Downloading from mcmmo-repo: https://nexus.neetgames.com/repository/maven-public/com/sk89q/worldguard/worldguard-libs/core/7.0.4/core-7.0.4.jar
[INFO] Downloading from mcmmo-repo: https://nexus.neetgames.com/repository/maven-public/de/schlichtherle/truezip/6.8.3/truezip-6.8.3.jar
[INFO] Downloading from mcmmo-repo: https://nexus.neetgames.com/repository/maven-public/net/java/truevfs/truevfs-profile-default_2.13/0.12.1/truevfs-profile-default_2.13-0.12.1.jar
[INFO] Downloaded from mcmmo-repo: https://nexus.neetgames.com/repository/maven-public/org/projectlombok/lombok/1.18.20/lombok-1.18.20.jar (1.9 MB at 2.3 MB/s)
[INFO] Downloading from mcmmo-repo: https://nexus.neetgames.com/repository/maven-public/org/scala-lang/scala-library/2.13.1/scala-library-2.13.1.jar
[INFO] Downloaded from mcmmo-repo: https://nexus.neetgames.com/repository/maven-public/org/apache/maven/scm/maven-scm-api/1.9.4/maven-scm-api-1.9.4.jar (107 kB at 129 kB/s)
[INFO] Downloading from mcmmo-repo: https://nexus.neetgames.com/repository/maven-public/net/java/truevfs/truevfs-driver-http/0.12.1/truevfs-driver-http-0.12.1.jar
[INFO] Downloaded from mcmmo-repo: https://nexus.neetgames.com/repository/maven-public/org/codehaus/plexus/plexus-utils/3.0.15/plexus-utils-3.0.15.jar (239 kB at 268 kB/s)
[INFO] Downloading from mcmmo-repo: https://nexus.neetgames.com/repository/maven-public/net/java/truevfs/truevfs-kernel-spec/0.12.1/truevfs-kernel-spec-0.12.1.jar
[INFO] Downloaded from mcmmo-repo: https://nexus.neetgames.com/repository/maven-public/de/schlichtherle/truezip/6.8.3/truezip-6.8.3.jar (480 kB at 528 kB/s)
[INFO] Downloading from mcmmo-repo: https://nexus.neetgames.com/repository/maven-public/net/java/truecommons/truecommons-annotations/2.5.0/truecommons-annotations-2.5.0.jar
[INFO] Downloaded from mcmmo-repo: https://nexus.neetgames.com/repository/maven-public/net/java/truevfs/truevfs-profile-default_2.13/0.12.1/truevfs-profile-default_2.13-0.12.1.jar (327 B at 346 B/s)
[INFO] Downloading from mcmmo-repo: https://nexus.neetgames.com/repository/maven-public/net/java/truecommons/truecommons-cio/2.5.0/truecommons-cio-2.5.0.jar
[INFO] Downloaded from mcmmo-repo: https://nexus.neetgames.com/repository/maven-public/net/java/truevfs/truevfs-driver-http/0.12.1/truevfs-driver-http-0.12.1.jar (14 kB at 15 kB/s)
[INFO] Downloading from mcmmo-repo: https://nexus.neetgames.com/repository/maven-public/net/java/truecommons/truecommons-io/2.5.0/truecommons-io-2.5.0.jar
[INFO] Downloaded from mcmmo-repo: https://nexus.neetgames.com/repository/maven-public/net/java/truevfs/truevfs-kernel-spec/0.12.1/truevfs-kernel-spec-0.12.1.jar (86 kB at 86 kB/s)
[INFO] Downloading from mcmmo-repo: https://nexus.neetgames.com/repository/maven-public/net/java/truecommons/truecommons-services/2.5.0/truecommons-services-2.5.0.jar
[INFO] Downloaded from mcmmo-repo: https://nexus.neetgames.com/repository/maven-public/net/java/truecommons/truecommons-annotations/2.5.0/truecommons-annotations-2.5.0.jar (18 kB at 18 kB/s)
[INFO] Downloading from mcmmo-repo: https://nexus.neetgames.com/repository/maven-public/net/java/truecommons/truecommons-logging/2.5.0/truecommons-logging-2.5.0.jar
[INFO] Downloaded from mcmmo-repo: https://nexus.neetgames.com/repository/maven-public/net/java/truecommons/truecommons-io/2.5.0/truecommons-io-2.5.0.jar (50 kB at 48 kB/s)
[INFO] Downloading from mcmmo-repo: https://nexus.neetgames.com/repository/maven-public/javax/inject/javax.inject/1/javax.inject-1.jar
[INFO] Downloaded from mcmmo-repo: https://nexus.neetgames.com/repository/maven-public/org/scala-lang/scala-library/2.13.1/scala-library-2.13.1.jar (5.7 MB at 5.4 MB/s)
[INFO] Downloading from mcmmo-repo: https://nexus.neetgames.com/repository/maven-public/org/apache/httpcomponents/httpclient/4.5.10/httpclient-4.5.10.jar
[INFO] Downloaded from mcmmo-repo: https://nexus.neetgames.com/repository/maven-public/net/java/truecommons/truecommons-cio/2.5.0/truecommons-cio-2.5.0.jar (38 kB at 36 kB/s)
[INFO] Downloading from mcmmo-repo: https://nexus.neetgames.com/repository/maven-public/org/apache/httpcomponents/httpcore/4.4.12/httpcore-4.4.12.jar
[INFO] Downloaded from mcmmo-repo: https://nexus.neetgames.com/repository/maven-public/net/java/truecommons/truecommons-services/2.5.0/truecommons-services-2.5.0.jar (22 kB at 20 kB/s)
[INFO] Downloading from mcmmo-repo: https://nexus.neetgames.com/repository/maven-public/commons-codec/commons-codec/1.11/commons-codec-1.11.jar
[INFO] Downloaded from mcmmo-repo: https://nexus.neetgames.com/repository/maven-public/net/java/truecommons/truecommons-logging/2.5.0/truecommons-logging-2.5.0.jar (6.5 kB at 5.8 kB/s)
[INFO] Downloading from mcmmo-repo: https://nexus.neetgames.com/repository/maven-public/org/slf4j/jcl-over-slf4j/1.7.28/jcl-over-slf4j-1.7.28.jar
[INFO] Downloaded from mcmmo-repo: https://nexus.neetgames.com/repository/maven-public/javax/inject/javax.inject/1/javax.inject-1.jar (2.5 kB at 2.2 kB/s)
[INFO] Downloading from mcmmo-repo: https://nexus.neetgames.com/repository/maven-public/net/java/truevfs/truevfs-driver-odf/0.12.1/truevfs-driver-odf-0.12.1.jar
[INFO] Downloaded from mcmmo-repo: https://nexus.neetgames.com/repository/maven-public/org/apache/httpcomponents/httpclient/4.5.10/httpclient-4.5.10.jar (775 kB at 663 kB/s)
[INFO] Downloading from mcmmo-repo: https://nexus.neetgames.com/repository/maven-public/net/java/truevfs/truevfs-comp-zipdriver/0.12.1/truevfs-comp-zipdriver-0.12.1.jar
[INFO] Downloaded from mcmmo-repo: https://nexus.neetgames.com/repository/maven-public/org/apache/httpcomponents/httpcore/4.4.12/httpcore-4.4.12.jar (328 kB at 273 kB/s)
[INFO] Downloading from mcmmo-repo: https://nexus.neetgames.com/repository/maven-public/net/java/truevfs/truevfs-comp-zip/0.12.1/truevfs-comp-zip-0.12.1.jar
[INFO] Downloaded from mcmmo-repo: https://nexus.neetgames.com/repository/maven-public/commons-codec/commons-codec/1.11/commons-codec-1.11.jar (335 kB at 275 kB/s)
[INFO] Downloading from mcmmo-repo: https://nexus.neetgames.com/repository/maven-public/org/bouncycastle/bcprov-jdk15on/1.63/bcprov-jdk15on-1.63.jar
[INFO] Downloaded from mcmmo-repo: https://nexus.neetgames.com/repository/maven-public/org/slf4j/jcl-over-slf4j/1.7.28/jcl-over-slf4j-1.7.28.jar (16 kB at 13 kB/s)
[INFO] Downloading from mcmmo-repo: https://nexus.neetgames.com/repository/maven-public/net/java/truevfs/truevfs-driver-tar/0.12.1/truevfs-driver-tar-0.12.1.jar
[INFO] Downloaded from mcmmo-repo: https://nexus.neetgames.com/repository/maven-public/net/java/truevfs/truevfs-driver-odf/0.12.1/truevfs-driver-odf-0.12.1.jar (7.2 kB at 5.7 kB/s)
[INFO] Downloading from mcmmo-repo: https://nexus.neetgames.com/repository/maven-public/net/java/truevfs/truevfs-comp-tardriver/0.12.1/truevfs-comp-tardriver-0.12.1.jar
[INFO] Downloaded from mcmmo-repo: https://nexus.neetgames.com/repository/maven-public/net/java/truevfs/truevfs-comp-zipdriver/0.12.1/truevfs-comp-zipdriver-0.12.1.jar (34 kB at 27 kB/s)
[INFO] Downloading from mcmmo-repo: https://nexus.neetgames.com/repository/maven-public/org/apache/commons/commons-compress/1.19/commons-compress-1.19.jar
[INFO] Downloaded from mcmmo-repo: https://nexus.neetgames.com/repository/maven-public/net/java/truevfs/truevfs-comp-zip/0.12.1/truevfs-comp-zip-0.12.1.jar (99 kB at 74 kB/s)
[INFO] Downloading from mcmmo-repo: https://nexus.neetgames.com/repository/maven-public/net/java/truevfs/truevfs-driver-tar-bzip2/0.12.1/truevfs-driver-tar-bzip2-0.12.1.jar
[INFO] Downloaded from mcmmo-repo: https://nexus.neetgames.com/repository/maven-public/net/java/truevfs/truevfs-driver-tar/0.12.1/truevfs-driver-tar-0.12.1.jar (2.6 kB at 1.9 kB/s)
[INFO] Downloading from mcmmo-repo: https://nexus.neetgames.com/repository/maven-public/net/java/truevfs/truevfs-driver-tar-gzip/0.12.1/truevfs-driver-tar-gzip-0.12.1.jar
[INFO] Downloaded from mcmmo-repo: https://nexus.neetgames.com/repository/maven-public/net/java/truevfs/truevfs-comp-tardriver/0.12.1/truevfs-comp-tardriver-0.12.1.jar (24 kB at 17 kB/s)
[INFO] Downloading from mcmmo-repo: https://nexus.neetgames.com/repository/maven-public/net/java/truevfs/truevfs-driver-tar-xz/0.12.1/truevfs-driver-tar-xz-0.12.1.jar
[INFO] Downloaded from mcmmo-repo: https://nexus.neetgames.com/repository/maven-public/org/apache/commons/commons-compress/1.19/commons-compress-1.19.jar (615 kB at 440 kB/s)
[INFO] Downloading from mcmmo-repo: https://nexus.neetgames.com/repository/maven-public/org/tukaani/xz/1.8/xz-1.8.jar
[INFO] Downloaded from mcmmo-repo: https://nexus.neetgames.com/repository/maven-public/net/java/truevfs/truevfs-driver-tar-gzip/0.12.1/truevfs-driver-tar-gzip-0.12.1.jar (7.4 kB at 5.1 kB/s)
[INFO] Downloading from mcmmo-repo: https://nexus.neetgames.com/repository/maven-public/net/java/truevfs/truevfs-driver-zip-raes/0.12.1/truevfs-driver-zip-raes-0.12.1.jar
[INFO] Downloaded from mcmmo-repo: https://nexus.neetgames.com/repository/maven-public/net/java/truevfs/truevfs-driver-tar-bzip2/0.12.1/truevfs-driver-tar-bzip2-0.12.1.jar (7.5 kB at 5.1 kB/s)
[INFO] Downloading from mcmmo-repo: https://nexus.neetgames.com/repository/maven-public/net/java/truevfs/truevfs-profile-base_2.13/0.12.1/truevfs-profile-base_2.13-0.12.1.jar
[INFO] Downloaded from mcmmo-repo: https://nexus.neetgames.com/repository/maven-public/net/java/truevfs/truevfs-driver-tar-xz/0.12.1/truevfs-driver-tar-xz-0.12.1.jar (7.4 kB at 5.0 kB/s)
[INFO] Downloading from mcmmo-repo: https://nexus.neetgames.com/repository/maven-public/net/java/truevfs/truevfs-access-swing/0.12.1/truevfs-access-swing-0.12.1.jar
[INFO] Downloaded from mcmmo-repo: https://nexus.neetgames.com/repository/maven-public/org/tukaani/xz/1.8/xz-1.8.jar (109 kB at 72 kB/s)
[INFO] Downloading from mcmmo-repo: https://nexus.neetgames.com/repository/maven-public/net/java/truevfs/truevfs-access/0.12.1/truevfs-access-0.12.1.jar
[INFO] Downloaded from mcmmo-repo: https://nexus.neetgames.com/repository/maven-public/org/bouncycastle/bcprov-jdk15on/1.63/bcprov-jdk15on-1.63.jar (4.8 MB at 3.2 MB/s)
[INFO] Downloading from mcmmo-repo: https://nexus.neetgames.com/repository/maven-public/net/java/truevfs/truevfs-driver-file/0.12.1/truevfs-driver-file-0.12.1.jar
[INFO] Downloaded from mcmmo-repo: https://nexus.neetgames.com/repository/maven-public/net/java/truevfs/truevfs-driver-zip-raes/0.12.1/truevfs-driver-zip-raes-0.12.1.jar (28 kB at 18 kB/s)
[INFO] Downloading from mcmmo-repo: https://nexus.neetgames.com/repository/maven-public/net/java/truevfs/truevfs-driver-jar/0.12.1/truevfs-driver-jar-0.12.1.jar
[INFO] Downloaded from mcmmo-repo: https://nexus.neetgames.com/repository/maven-public/net/java/truevfs/truevfs-access-swing/0.12.1/truevfs-access-swing-0.12.1.jar (25 kB at 16 kB/s)
[INFO] Downloading from mcmmo-repo: https://nexus.neetgames.com/repository/maven-public/net/java/truevfs/truevfs-driver-zip/0.12.1/truevfs-driver-zip-0.12.1.jar
[INFO] Downloaded from mcmmo-repo: https://nexus.neetgames.com/repository/maven-public/net/java/truevfs/truevfs-profile-base_2.13/0.12.1/truevfs-profile-base_2.13-0.12.1.jar (326 B at 205 B/s)
[INFO] Downloading from mcmmo-repo: https://nexus.neetgames.com/repository/maven-public/net/java/truevfs/truevfs-comp-ibm437/0.12.1/truevfs-comp-ibm437-0.12.1.jar
[INFO] Downloaded from mcmmo-repo: https://nexus.neetgames.com/repository/maven-public/net/java/truevfs/truevfs-access/0.12.1/truevfs-access-0.12.1.jar (81 kB at 50 kB/s)
[INFO] Downloading from mcmmo-repo: https://nexus.neetgames.com/repository/maven-public/net/java/truevfs/truevfs-kernel-impl_2.13/0.12.1/truevfs-kernel-impl_2.13-0.12.1.jar
[INFO] Downloaded from mcmmo-repo: https://nexus.neetgames.com/repository/maven-public/net/java/truevfs/truevfs-driver-file/0.12.1/truevfs-driver-file-0.12.1.jar (28 kB at 18 kB/s)
[INFO] Downloading from mcmmo-repo: https://nexus.neetgames.com/repository/maven-public/net/java/truecommons/truecommons-key-console/2.5.0/truecommons-key-console-2.5.0.jar
[INFO] Downloaded from mcmmo-repo: https://nexus.neetgames.com/repository/maven-public/net/java/truevfs/truevfs-driver-jar/0.12.1/truevfs-driver-jar-0.12.1.jar (2.8 kB at 1.7 kB/s)
[INFO] Downloading from mcmmo-repo: https://nexus.neetgames.com/repository/maven-public/net/java/truecommons/truecommons-key-default/2.5.0/truecommons-key-default-2.5.0.jar
[INFO] Downloaded from mcmmo-repo: https://nexus.neetgames.com/repository/maven-public/net/java/truevfs/truevfs-driver-zip/0.12.1/truevfs-driver-zip-0.12.1.jar (2.6 kB at 1.5 kB/s)
[INFO] Downloading from mcmmo-repo: https://nexus.neetgames.com/repository/maven-public/net/java/truecommons/truecommons-key-swing/2.5.0/truecommons-key-swing-2.5.0.jar
[INFO] Downloaded from mcmmo-repo: https://nexus.neetgames.com/repository/maven-public/net/java/truevfs/truevfs-comp-ibm437/0.12.1/truevfs-comp-ibm437-0.12.1.jar (8.1 kB at 4.8 kB/s)
[INFO] Downloading from mcmmo-repo: https://nexus.neetgames.com/repository/maven-public/net/java/truecommons/truecommons-key-macosx/2.5.0/truecommons-key-macosx-2.5.0.jar
[INFO] Downloaded from mcmmo-repo: https://nexus.neetgames.com/repository/maven-public/net/java/truecommons/truecommons-key-console/2.5.0/truecommons-key-console-2.5.0.jar (13 kB at 7.6 kB/s)
[INFO] Downloading from mcmmo-repo: https://nexus.neetgames.com/repository/maven-public/net/java/truecommons/truecommons-key-spec/2.5.0/truecommons-key-spec-2.5.0.jar
[INFO] Downloaded from mcmmo-repo: https://nexus.neetgames.com/repository/maven-public/net/java/truevfs/truevfs-kernel-impl_2.13/0.12.1/truevfs-kernel-impl_2.13-0.12.1.jar (313 kB at 182 kB/s)
[INFO] Downloading from mcmmo-repo: https://nexus.neetgames.com/repository/maven-public/net/java/truecommons/truecommons-shed/2.5.0/truecommons-shed-2.5.0.jar
[INFO] Downloaded from mcmmo-repo: https://nexus.neetgames.com/repository/maven-public/net/java/truecommons/truecommons-key-default/2.5.0/truecommons-key-default-2.5.0.jar (4.2 kB at 2.4 kB/s)
[INFO] Downloading from mcmmo-repo: https://nexus.neetgames.com/repository/maven-public/net/java/dev/jna/jna/4.1.0/jna-4.1.0.jar
[INFO] Downloaded from mcmmo-repo: https://nexus.neetgames.com/repository/maven-public/net/java/truecommons/truecommons-key-swing/2.5.0/truecommons-key-swing-2.5.0.jar (71 kB at 40 kB/s)
[INFO] Downloading from mcmmo-repo: https://nexus.neetgames.com/repository/maven-public/org/mozilla/rhino-runtime/1.7.12/rhino-runtime-1.7.12.jar
[INFO] Downloaded from mcmmo-repo: https://nexus.neetgames.com/repository/maven-public/net/java/truecommons/truecommons-shed/2.5.0/truecommons-shed-2.5.0.jar (71 kB at 39 kB/s)
[INFO] Downloading from mcmmo-repo: https://nexus.neetgames.com/repository/maven-public/org/slf4j/slf4j-api/1.7.26/slf4j-api-1.7.26.jar
[INFO] Downloaded from mcmmo-repo: https://nexus.neetgames.com/repository/maven-public/net/java/truecommons/truecommons-key-spec/2.5.0/truecommons-key-spec-2.5.0.jar (49 kB at 27 kB/s)
[INFO] Downloading from mcmmo-repo: https://nexus.neetgames.com/repository/maven-public/it/unimi/dsi/fastutil/8.2.1/fastutil-8.2.1.jar
[INFO] Downloaded from mcmmo-repo: https://nexus.neetgames.com/repository/maven-public/net/java/truecommons/truecommons-key-macosx/2.5.0/truecommons-key-macosx-2.5.0.jar (51 kB at 28 kB/s)
[INFO] Downloading from mcmmo-repo: https://nexus.neetgames.com/repository/maven-public/org/antlr/antlr4-runtime/4.7.2/antlr4-runtime-4.7.2.jar
[INFO] Downloaded from mcmmo-repo: https://nexus.neetgames.com/repository/maven-public/net/java/dev/jna/jna/4.1.0/jna-4.1.0.jar (915 kB at 485 kB/s)
[INFO] Downloading from mcmmo-repo: https://nexus.neetgames.com/repository/maven-public/org/flywaydb/flyway-core/3.0/flyway-core-3.0.jar
[INFO] Downloaded from mcmmo-repo: https://nexus.neetgames.com/repository/maven-public/org/slf4j/slf4j-api/1.7.26/slf4j-api-1.7.26.jar (41 kB at 21 kB/s)
[INFO] Downloading from mcmmo-repo: https://nexus.neetgames.com/repository/maven-public/org/apache/logging/log4j/log4j-slf4j-impl/2.8.1/log4j-slf4j-impl-2.8.1.jar
[INFO] Downloaded from mcmmo-repo: https://nexus.neetgames.com/repository/maven-public/org/flywaydb/flyway-core/3.0/flyway-core-3.0.jar (253 kB at 126 kB/s)
[INFO] Downloading from mcmmo-repo: https://nexus.neetgames.com/repository/maven-public/org/apache/logging/log4j/log4j-api/2.8.1/log4j-api-2.8.1.jar
[INFO] Downloaded from mcmmo-repo: https://nexus.neetgames.com/repository/maven-public/org/mozilla/rhino-runtime/1.7.12/rhino-runtime-1.7.12.jar (1.1 MB at 543 kB/s)
[INFO] Downloading from mcmmo-repo: https://nexus.neetgames.com/repository/maven-public/com/sk89q/commandbook/2.3/commandbook-2.3.jar
[INFO] Downloaded from mcmmo-repo: https://nexus.neetgames.com/repository/maven-public/org/antlr/antlr4-runtime/4.7.2/antlr4-runtime-4.7.2.jar (338 kB at 166 kB/s)
[INFO] Downloading from mcmmo-repo: https://nexus.neetgames.com/repository/maven-public/org/jetbrains/annotations/20.1.0/annotations-20.1.0.jar
[INFO] Downloaded from mcmmo-repo: https://nexus.neetgames.com/repository/maven-public/org/apache/logging/log4j/log4j-slf4j-impl/2.8.1/log4j-slf4j-impl-2.8.1.jar (23 kB at 11 kB/s)
[INFO] Downloading from mcmmo-repo: https://nexus.neetgames.com/repository/maven-public/com/bgsoftware/WildStackerAPI/latest/WildStackerAPI-latest.jar
[INFO] Downloading from mcmmo-repo: https://nexus.neetgames.com/repository/maven-public/com/github/Rosewood-Development/RoseStacker/ad4de61/RoseStacker-ad4de61.jar
[INFO] Downloaded from mcmmo-repo: https://nexus.neetgames.com/repository/maven-public/org/apache/logging/log4j/log4j-api/2.8.1/log4j-api-2.8.1.jar (229 kB at 109 kB/s)
[INFO] Downloaded from mcmmo-repo: https://nexus.neetgames.com/repository/maven-public/org/jetbrains/annotations/20.1.0/annotations-20.1.0.jar (26 kB at 12 kB/s)
[INFO] Downloaded from mcmmo-repo: https://nexus.neetgames.com/repository/maven-public/it/unimi/dsi/fastutil/8.2.1/fastutil-8.2.1.jar (19 MB at 8.3 MB/s)
[INFO] Downloading from jeff-media-public: https://hub.jeff-media.com/nexus/repository/jeff-media-public/de/jeff_media/MorePersistentDataTypes/1.0.0/MorePersistentDataTypes-1.0.0.jar
[INFO] Downloading from jeff-media-public: https://hub.jeff-media.com/nexus/repository/jeff-media-public/com/sk89q/worldguard/worldguard-core/7.0.4/worldguard-core-7.0.4.jar
[INFO] Downloading from jeff-media-public: https://hub.jeff-media.com/nexus/repository/jeff-media-public/com/sk89q/worldguard/worldguard-libs/core/7.0.4/core-7.0.4.jar
[INFO] Downloading from jeff-media-public: https://hub.jeff-media.com/nexus/repository/jeff-media-public/com/sk89q/commandbook/2.3/commandbook-2.3.jar
[INFO] Downloading from jeff-media-public: https://hub.jeff-media.com/nexus/repository/jeff-media-public/com/bgsoftware/WildStackerAPI/latest/WildStackerAPI-latest.jar
[INFO] Downloading from jeff-media-public: https://hub.jeff-media.com/nexus/repository/jeff-media-public/com/github/Rosewood-Development/RoseStacker/ad4de61/RoseStacker-ad4de61.jar
[INFO] Downloaded from jeff-media-public: https://hub.jeff-media.com/nexus/repository/jeff-media-public/de/jeff_media/MorePersistentDataTypes/1.0.0/MorePersistentDataTypes-1.0.0.jar (23 kB at 37 kB/s)
[INFO] Downloading from bg-repo: https://repo.bg-software.com/repository/api/com/sk89q/worldguard/worldguard-core/7.0.4/worldguard-core-7.0.4.jar
[INFO] Downloading from bg-repo: https://repo.bg-software.com/repository/api/com/sk89q/worldguard/worldguard-libs/core/7.0.4/core-7.0.4.jar
[INFO] Downloading from bg-repo: https://repo.bg-software.com/repository/api/com/sk89q/commandbook/2.3/commandbook-2.3.jar
[INFO] Downloading from bg-repo: https://repo.bg-software.com/repository/api/com/github/Rosewood-Development/RoseStacker/ad4de61/RoseStacker-ad4de61.jar
[INFO] Downloading from bg-repo: https://repo.bg-software.com/repository/api/com/bgsoftware/WildStackerAPI/latest/WildStackerAPI-latest.jar
[INFO] Downloaded from bg-repo: https://repo.bg-software.com/repository/api/com/bgsoftware/WildStackerAPI/latest/WildStackerAPI-latest.jar (38 kB at 63 kB/s)
[INFO] Downloading from rosewood-repo: https://repo.rosewooddev.io/repository/public/com/sk89q/worldguard/worldguard-core/7.0.4/worldguard-core-7.0.4.jar
[INFO] Downloading from rosewood-repo: https://repo.rosewooddev.io/repository/public/com/sk89q/worldguard/worldguard-libs/core/7.0.4/core-7.0.4.jar
[INFO] Downloading from rosewood-repo: https://repo.rosewooddev.io/repository/public/com/github/Rosewood-Development/RoseStacker/ad4de61/RoseStacker-ad4de61.jar
[INFO] Downloading from rosewood-repo: https://repo.rosewooddev.io/repository/public/com/sk89q/commandbook/2.3/commandbook-2.3.jar
[INFO] Downloading from central: https://repo.maven.apache.org/maven2/com/sk89q/worldguard/worldguard-core/7.0.4/worldguard-core-7.0.4.jar
[INFO] Downloading from central: https://repo.maven.apache.org/maven2/com/github/Rosewood-Development/RoseStacker/ad4de61/RoseStacker-ad4de61.jar
[INFO] Downloading from central: https://repo.maven.apache.org/maven2/com/sk89q/commandbook/2.3/commandbook-2.3.jar
[INFO] Downloading from central: https://repo.maven.apache.org/maven2/com/sk89q/worldguard/worldguard-libs/core/7.0.4/core-7.0.4.jar
[INFO] Downloading from CodeMC: https://repo.codemc.org/repository/maven-public/com/sk89q/worldguard/worldguard-core/7.0.4/worldguard-core-7.0.4.jar
[INFO] Downloading from CodeMC: https://repo.codemc.org/repository/maven-public/com/sk89q/worldguard/worldguard-libs/core/7.0.4/core-7.0.4.jar
[INFO] Downloading from CodeMC: https://repo.codemc.org/repository/maven-public/com/sk89q/commandbook/2.3/commandbook-2.3.jar
[INFO] Downloading from sk89q-repo: https://maven.sk89q.com/repo/com/sk89q/worldguard/worldguard-core/7.0.4/worldguard-core-7.0.4.jar
[INFO] Downloading from sk89q-repo: https://maven.sk89q.com/repo/com/sk89q/worldguard/worldguard-libs/core/7.0.4/core-7.0.4.jar
[INFO] Downloading from sk89q-repo: https://maven.sk89q.com/repo/com/sk89q/worldguard/worldguard-legacy/7.0.0-SNAPSHOT/worldguard-legacy-7.0.0-20190612.004446-113.jar
[INFO] Downloading from sk89q-repo: https://maven.sk89q.com/repo/com/sk89q/worldedit/worldedit-libs/core/7.2.0-SNAPSHOT/core-7.2.0-20201102.221009-188.jar
[INFO] Downloading from sk89q-repo: https://maven.sk89q.com/repo/com/sk89q/worldedit/worldedit-core/7.2.0-SNAPSHOT/worldedit-core-7.2.0-20201102.221009-185.jar
[INFO] Downloaded from sk89q-repo: https://maven.sk89q.com/repo/com/sk89q/worldguard/worldguard-legacy/7.0.0-SNAPSHOT/worldguard-legacy-7.0.0-20190612.004446-113.jar (246 kB at 1.3 MB/s)
[INFO] Downloading from sk89q-repo: https://maven.sk89q.com/repo/com/sk89q/worldedit/worldedit-bukkit/7.0.0-SNAPSHOT/worldedit-bukkit-7.0.0-20190611.111707-186.jar
[INFO] Downloaded from sk89q-repo: https://maven.sk89q.com/repo/com/sk89q/worldedit/worldedit-libs/core/7.2.0-SNAPSHOT/core-7.2.0-20201102.221009-188.jar (571 kB at 2.8 MB/s)
[INFO] Downloading from sk89q-repo: https://maven.sk89q.com/repo/com/sk89q/worldedit/worldedit-libs/bukkit/7.0.0-SNAPSHOT/bukkit-7.0.0-20190611.111707-71.jar
[INFO] Downloaded from sk89q-repo: https://maven.sk89q.com/repo/com/sk89q/worldguard/worldguard-libs/core/7.0.4/core-7.0.4.jar (77 kB at 364 kB/s)
[INFO] Downloading from sk89q-repo: https://maven.sk89q.com/repo/com/sk89q/commandbook/2.3/commandbook-2.3.jar
[INFO] Downloaded from sk89q-repo: https://maven.sk89q.com/repo/com/sk89q/worldedit/worldedit-core/7.2.0-SNAPSHOT/worldedit-core-7.2.0-20201102.221009-185.jar (2.0 MB at 9.6 MB/s)
[INFO] Downloaded from sk89q-repo: https://maven.sk89q.com/repo/com/sk89q/worldedit/worldedit-bukkit/7.0.0-SNAPSHOT/worldedit-bukkit-7.0.0-20190611.111707-186.jar (429 kB at 1.3 MB/s)
[INFO] Downloaded from sk89q-repo: https://maven.sk89q.com/repo/com/sk89q/worldguard/worldguard-core/7.0.4/worldguard-core-7.0.4.jar (471 kB at 1.3 MB/s)
[INFO] Downloaded from sk89q-repo: https://maven.sk89q.com/repo/com/sk89q/worldedit/worldedit-libs/bukkit/7.0.0-SNAPSHOT/bukkit-7.0.0-20190611.111707-71.jar (133 kB at 130 kB/s)
[INFO] Downloaded from sk89q-repo: https://maven.sk89q.com/repo/com/sk89q/commandbook/2.3/commandbook-2.3.jar (340 kB at 289 kB/s)
[INFO] ------------------------------------------------------------------------
[INFO] BUILD FAILURE
[INFO] ------------------------------------------------------------------------
[INFO] Total time:  14:06 min
[INFO] Finished at: 2021-12-18T14:55:41Z
[INFO] ------------------------------------------------------------------------
[ERROR] Failed to execute goal on project DankTech2: Could not resolve dependencies for project io.github.sefiraat:DankTech2:jar:WEI - 1 (git 774cb2be): Could not transfer artifact com.github.Rosewood-Development:RoseStacker:jar:ad4de61 from/to rosewood-repo (https://repo.rosewooddev.io/repository/public/): transfer failed for https://repo.rosewooddev.io/repository/public/com/github/Rosewood-Development/RoseStacker/ad4de61/RoseStacker-ad4de61.jar, status: 522 -> [Help 1]
[ERROR] 
[ERROR] To see the full stack trace of the errors, re-run Maven with the -e switch.
[ERROR] Re-run Maven using the -X switch to enable full debug logging.
[ERROR] 
[ERROR] For more information about the errors and possible solutions, please read the following articles:
[ERROR] [Help 1] http://cwiki.apache.org/confluence/display/MAVEN/DependencyResolutionException
